lsoa21cd,lsoa21nm,fast_food,independent_fresh_food,market,supermarket
E01000001,City of London 001A,3,0,0,1
E01000002,City of London 001B,2,0,0,1
E01000005,City of London 001E,8,1,0,1
E01000007,Barking and Dagenham 015A,2,0,0,1
E01000008,Barking and Dagenham 015B,0,1,0,2
E01000012,Barking and Dagenham 015D,3,0,0,2
E01000013,Barking and Dagenham 013A,0,0,0,1
E01000021,Barking and Dagenham 008A,0,0,0,1
E01000027,Barking and Dagenham 001A,1,0,0,0
E01000030,Barking and Dagenham 001D,0,0,0,3
E01000031,Barking and Dagenham 002A,4,0,0,1
E01000032,Barking and Dagenham 002B,11,4,0,6
E01000040,Barking and Dagenham 019A,0,0,0,2
E01000044,Barking and Dagenham 016D,2,1,0,3
E01000045,Barking and Dagenham 017C,3,0,0,4
E01000050,Barking and Dagenham 019C,1,0,0,1
E01000051,Barking and Dagenham 021D,1,0,0,1
E01000053,Barking and Dagenham 020A,1,0,0,2
E01000064,Barking and Dagenham 006E,0,0,0,2
E01000069,Barking and Dagenham 011C,1,0,0,0
E01000070,Barking and Dagenham 011D,2,0,0,0
E01000071,Barking and Dagenham 011E,0,0,0,2
E01000072,Barking and Dagenham 017E,3,0,0,4
E01000075,Barking and Dagenham 012D,0,0,0,1
E01000082,Barking and Dagenham 007E,0,0,0,2
E01000087,Barking and Dagenham 020B,0,0,0,1
E01000093,Barking and Dagenham 022B,1,0,0,2
E01000095,Barking and Dagenham 018E,1,0,0,1
E01000096,Barking and Dagenham 022D,2,0,0,3
E01000101,Barking and Dagenham 004C,0,0,0,1
E01000111,Barking and Dagenham 002D,0,0,0,1
E01000115,Barnet 009A,3,0,0,1
E01000116,Barnet 009B,0,0,0,1
E01000119,Barnet 009C,0,1,0,3
E01000123,Barnet 010D,1,0,0,0
E01000124,Barnet 010E,3,0,0,3
E01000129,Barnet 024D,0,0,0,1
E01000137,Barnet 041A,0,0,0,1
E01000140,Barnet 041C,0,0,0,1
E01000141,Barnet 039A,3,0,0,6
E01000142,Barnet 040B,1,1,0,2
E01000145,Barnet 037A,1,4,0,2
E01000146,Barnet 038D,2,2,0,6
E01000150,Barnet 036A,0,0,0,1
E01000154,Barnet 026E,0,0,0,1
E01000156,Barnet 022A,5,0,0,3
E01000160,Barnet 015C,0,0,0,1
E01000161,Barnet 015D,4,0,0,3
E01000162,Barnet 015E,3,0,0,1
E01000164,Barnet 022D,1,0,0,2
E01000171,Barnet 006B,3,0,0,2
E01000176,Barnet 027A,0,1,0,1
E01000177,Barnet 029A,2,0,0,2
E01000179,Barnet 029B,0,0,0,1
E01000180,Barnet 029C,0,0,0,1
E01000181,Barnet 029D,1,0,0,2
E01000182,Barnet 029E,0,0,0,1
E01000187,Barnet 014B,0,2,0,3
E01000192,Barnet 018A,2,1,0,2
E01000193,Barnet 018B,2,6,0,5
E01000195,Barnet 013A,2,0,0,1
E01000196,Barnet 028A,0,0,0,1
E01000200,Barnet 028B,0,0,0,1
E01000202,Barnet 028D,0,0,0,1
E01000204,Barnet 025C,0,1,0,7
E01000207,Barnet 033C,1,0,0,1
E01000208,Barnet 033D,0,0,0,1
E01000210,Barnet 033E,1,3,0,2
E01000214,Barnet 038E,0,2,0,0
E01000215,Barnet 037B,1,2,0,0
E01000218,Barnet 037C,2,7,0,2
E01000221,Barnet 039B,0,1,0,1
E01000231,Barnet 013D,3,0,0,0
E01000233,Barnet 013F,0,0,0,1
E01000234,Barnet 021D,0,0,0,1
E01000239,Barnet 031A,3,0,0,2
E01000243,Barnet 032C,0,0,0,1
E01000244,Barnet 032D,8,0,0,0
E01000245,Barnet 032E,0,0,0,1
E01000248,Barnet 001A,8,7,0,2
E01000250,Barnet 001C,5,0,0,5
E01000251,Barnet 002D,1,0,0,1
E01000254,Barnet 001D,0,1,0,0
E01000255,Barnet 017A,1,0,0,2
E01000257,Barnet 017B,2,2,0,3
E01000259,Barnet 025D,0,2,0,2
E01000264,Barnet 016D,4,5,0,4
E01000278,Barnet 020B,0,0,0,1
E01000279,Barnet 007C,0,1,0,0
E01000281,Barnet 008D,1,0,0,1
E01000286,Barnet 007E,1,1,0,2
E01000290,Barnet 007F,0,0,0,1
E01000292,Barnet 001E,1,0,0,1
E01000293,Barnet 001F,1,1,0,2
E01000296,Barnet 023C,2,1,0,6
E01000298,Barnet 023D,0,0,0,1
E01000299,Barnet 019A,13,4,0,14
E01000300,Barnet 019B,0,0,0,1
E01000302,Barnet 019C,0,1,0,1
E01000303,Barnet 020D,2,1,0,0
E01000307,Barnet 039D,6,0,0,1
E01000308,Barnet 036D,0,1,0,0
E01000310,Barnet 034C,1,0,0,1
E01000313,Barnet 036F,0,0,0,2
E01000314,Barnet 032F,0,0,0,2
E01000316,Barnet 027E,1,0,0,0
E01000318,Barnet 019E,0,0,0,1
E01000321,Barnet 012E,1,0,0,6
E01000323,Barnet 019F,0,0,0,1
E01000324,Barnet 015F,3,0,0,1
E01000335,Bexley 003B,1,0,0,2
E01000336,Bexley 003C,1,0,0,0
E01000337,Bexley 003D,0,0,0,1
E01000343,Bexley 022C,1,0,0,0
E01000350,Bexley 021C,1,0,0,1
E01000362,Bexley 015B,0,0,0,1
E01000365,Bexley 015C,0,1,0,0
E01000375,Bexley 019B,1,0,0,2
E01000377,Bexley 019D,0,1,0,1
E01000381,Bexley 028A,0,1,0,0
E01000383,Bexley 028B,0,1,0,1
E01000385,Bexley 028C,0,0,0,1
E01000387,Bexley 027C,0,0,0,1
E01000389,Bexley 020E,0,0,0,1
E01000400,Bexley 029C,0,0,0,1
E01000401,Bexley 013A,0,0,0,1
E01000403,Bexley 004A,2,0,0,0
E01000404,Bexley 004B,1,0,0,2
E01000410,Bexley 018D,1,0,0,1
E01000414,Bexley 016E,2,1,0,2
E01000424,Bexley 026A,1,0,0,0
E01000429,Bexley 008B,0,0,0,1
E01000433,Bexley 008F,0,0,0,1
E01000435,Bexley 010E,2,0,0,2
E01000443,Bexley 024B,2,0,0,0
E01000446,Bexley 024D,1,0,0,1
E01000447,Bexley 023C,0,0,0,1
E01000452,Bexley 009G,0,0,0,1
E01000462,Bexley 026E,1,0,0,1
E01000472,Brent 029A,1,0,0,0
E01000475,Brent 029C,1,0,0,1
E01000477,Brent 026D,1,0,0,3
E01000478,Brent 029D,0,1,0,1
E01000480,Brent 006A,2,0,0,0
E01000487,Brent 006E,1,0,0,4
E01000489,Brent 030A,0,1,0,2
E01000490,Brent 023A,1,0,0,0
E01000497,Brent 011A,2,0,0,2
E01000499,Brent 011B,0,0,0,1
E01000506,Brent 014A,0,0,0,1
E01000508,Brent 025A,1,0,0,0
E01000510,Brent 014C,0,0,0,2
E01000512,Brent 018D,0,1,0,0
E01000516,Brent 002C,4,0,0,6
E01000521,Brent 025B,4,2,0,6
E01000523,Brent 031A,2,3,0,3
E01000524,Brent 031B,8,7,0,14
E01000527,Brent 025E,0,0,0,1
E01000528,Brent 025F,0,0,0,2
E01000531,Brent 033B,2,5,0,1
E01000533,Brent 031E,5,0,0,5
E01000535,Brent 031F,2,0,0,2
E01000539,Brent 004C,2,0,0,0
E01000546,Brent 028B,1,0,0,1
E01000548,Brent 028D,0,2,0,0
E01000550,Brent 034B,0,0,0,1
E01000553,Brent 015A,7,1,0,8
E01000554,Brent 015B,0,0,0,1
E01000556,Brent 015D,9,3,0,10
E01000557,Brent 015E,0,0,0,1
E01000558,Brent 015F,0,0,0,4
E01000559,Brent 018E,1,0,0,1
E01000564,Brent 013A,0,0,0,1
E01000566,Brent 008C,0,0,0,1
E01000569,Brent 008E,2,1,0,2
E01000573,Brent 007B,8,4,0,4
E01000577,Brent 007E,0,0,0,1
E01000578,Brent 012D,1,0,0,1
E01000579,Brent 032A,0,1,0,1
E01000580,Brent 032B,0,0,1,2
E01000583,Brent 032D,2,1,0,3
E01000584,Brent 033E,1,0,0,0
E01000586,Brent 032E,1,0,0,4
E01000591,Brent 003F,5,3,0,2
E01000592,Brent 001D,0,0,0,1
E01000594,Brent 001F,1,0,0,0
E01000601,Brent 021B,2,0,0,0
E01000602,Brent 021C,1,0,0,0
E01000604,Brent 021E,0,0,0,1
E01000605,Brent 021F,0,0,0,1
E01000606,Brent 016B,0,0,0,3
E01000608,Brent 013D,1,2,0,1
E01000609,Brent 016C,0,0,0,1
E01000610,Brent 019A,1,0,0,0
E01000611,Brent 016D,0,0,0,1
E01000620,Brent 020B,0,0,0,2
E01000621,Brent 020C,2,0,0,4
E01000627,Brent 014E,0,0,0,2
E01000628,Brent 014F,0,0,0,1
E01000632,Brent 029E,3,1,0,2
E01000633,Brent 019D,0,1,0,1
E01000636,Brent 020E,0,0,0,1
E01000639,Brent 022C,1,2,0,2
E01000640,Brent 024B,1,1,0,1
E01000642,Brent 022D,0,3,0,0
E01000643,Brent 024D,0,0,0,1
E01000646,Bromley 016A,1,0,0,0
E01000649,Bromley 007B,0,0,0,1
E01000652,Bromley 022B,3,2,0,2
E01000654,Bromley 039A,0,0,0,1
E01000656,Bromley 039C,0,0,0,2
E01000659,Bromley 039E,0,0,0,2
E01000666,Bromley 033B,0,0,0,1
E01000668,Bromley 020B,1,0,0,3
E01000671,Bromley 020D,0,0,0,1
E01000674,Bromley 008A,0,0,0,2
E01000676,Bromley 008B,18,5,0,5
E01000677,Bromley 018C,6,3,0,2
E01000680,Bromley 037A,1,0,0,0
E01000682,Bromley 035B,0,2,0,6
E01000684,Bromley 035D,1,0,0,1
E01000685,Bromley 037B,0,0,0,1
E01000689,Bromley 002A,1,0,0,1
E01000691,Bromley 002C,0,0,0,1
E01000696,Bromley 007E,0,0,0,1
E01000699,Bromley 015A,0,0,0,1
E01000703,Bromley 013C,6,0,0,3
E01000706,Bromley 013D,1,0,0,0
E01000707,Bromley 041A,1,0,0,2
E01000708,Bromley 041B,1,1,0,1
E01000711,Bromley 006C,1,0,0,1
E01000714,Bromley 006D,4,7,0,3
E01000715,Bromley 012C,1,0,0,1
E01000717,Bromley 011D,1,0,0,0
E01000719,Bromley 019A,2,0,0,2
E01000720,Bromley 019B,1,0,0,0
E01000721,Bromley 019C,0,0,0,2
E01000722,Bromley 023A,3,0,0,0
E01000725,Bromley 023B,0,0,0,1
E01000728,Bromley 019E,0,1,0,0
E01000737,Bromley 010D,0,0,0,1
E01000738,Bromley 014D,1,0,0,0
E01000743,Bromley 009A,1,0,0,1
E01000745,Bromley 005D,1,0,0,0
E01000754,Bromley 031B,1,0,0,2
E01000756,Bromley 033D,1,1,0,1
E01000760,Bromley 034B,1,1,0,2
E01000762,Bromley 018D,1,0,0,1
E01000767,Bromley 027D,0,0,0,1
E01000769,Bromley 024A,3,0,0,2
E01000770,Bromley 012D,0,0,0,2
E01000771,Bromley 041C,0,0,0,1
E01000777,Bromley 024D,1,0,0,0
E01000778,Bromley 024E,0,0,0,1
E01000790,Bromley 028C,1,1,0,3
E01000792,Bromley 032C,1,1,0,2
E01000797,Bromley 013E,0,0,0,1
E01000798,Bromley 009D,1,1,0,1
E01000799,Bromley 004A,2,0,0,3
E01000806,Bromley 009F,6,1,0,4
E01000807,Bromley 022C,6,3,0,3
E01000809,Bromley 022D,2,1,0,0
E01000811,Bromley 025C,2,1,0,0
E01000812,Bromley 028D,0,0,0,1
E01000813,Bromley 025D,2,0,0,2
E01000819,Bromley 040C,3,1,0,3
E01000823,Bromley 008E,0,0,0,1
E01000826,Bromley 021A,0,0,0,1
E01000832,Bromley 030A,1,0,0,0
E01000835,Bromley 030B,5,2,0,5
E01000841,Bromley 030H,3,0,0,1
E01000847,Camden 014D,0,0,0,1
E01000848,Camden 011C,0,1,0,0
E01000849,Camden 011D,2,0,0,1
E01000850,Camden 026A,3,0,0,0
E01000851,Camden 026B,2,1,0,2
E01000853,Camden 029H,0,0,0,1
E01000855,Camden 028A,9,1,0,5
E01000856,Camden 019A,1,1,0,1
E01000857,Camden 018A,0,2,0,0
E01000858,Camden 018B,10,4,0,0
E01000859,Camden 018C,0,2,0,1
E01000860,Camden 018D,1,0,0,0
E01000862,Camden 018E,3,0,0,0
E01000863,Camden 021A,10,3,0,4
E01000867,Camden 015C,1,0,0,0
E01000868,Camden 015D,0,0,0,1
E01000871,Camden 005A,1,1,0,3
E01000874,Camden 005D,1,0,0,0
E01000879,Camden 004B,0,1,0,0
E01000883,Camden 008C,0,1,0,2
E01000886,Camden 006A,0,0,0,1
E01000887,Camden 006B,0,0,0,4
E01000888,Camden 006C,0,0,0,1
E01000895,Camden 002C,1,0,0,1
E01000896,Camden 002D,0,1,0,1
E01000898,Camden 008E,1,0,0,0
E01000901,Camden 007D,1,0,0,1
E01000903,Camden 006E,2,1,0,2
E01000904,Camden 012C,0,1,1,0
E01000905,Camden 012D,1,0,0,2
E01000906,Camden 012E,0,0,0,1
E01000909,Camden 001C,0,2,0,1
E01000910,Camden 003A,0,1,0,0
E01000911,Camden 003B,1,0,0,0
E01000912,Camden 001D,1,0,1,2
E01000914,Camden 028B,13,3,0,5
E01000915,Camden 027A,3,1,0,1
E01000916,Camden 027B,5,0,0,1
E01000917,Camden 027C,4,0,0,2
E01000918,Camden 028C,8,0,0,1
E01000919,Camden 028D,6,2,1,1
E01000920,Camden 027D,3,0,0,1
E01000921,Camden 003C,0,0,0,1
E01000924,Camden 009C,0,0,0,1
E01000925,Camden 009D,0,0,0,1
E01000926,Camden 009E,6,3,0,4
E01000928,Camden 003E,6,1,0,5
E01000929,Camden 020A,0,0,0,2
E01000933,Camden 020C,0,0,0,1
E01000938,Camden 029A,1,0,0,4
E01000939,Camden 029B,0,1,0,2
E01000942,Camden 029C,0,0,0,2
E01000943,Camden 029F,1,1,0,1
E01000946,Camden 021B,6,2,0,4
E01000947,Camden 021C,1,0,0,2
E01000949,Camden 023C,0,0,0,1
E01000952,Camden 022A,0,0,0,1
E01000954,Camden 022C,1,0,0,0
E01000955,Camden 022D,0,0,0,1
E01000956,Camden 022E,6,3,0,2
E01000958,Camden 019D,0,0,0,1
E01000959,Camden 019E,0,0,0,1
E01000960,Camden 017A,3,2,0,6
E01000961,Camden 017B,0,0,0,3
E01000962,Camden 016A,0,1,0,2
E01000963,Camden 017C,0,0,0,1
E01000967,Camden 017D,0,0,1,0
E01000970,Camden 010B,2,1,0,3
E01000972,Camden 010D,3,1,0,2
E01000973,Camden 010E,1,0,1,4
E01000975,Croydon 022A,1,0,0,0
E01000976,Croydon 022B,7,1,0,7
E01000983,Croydon 017D,3,1,0,1
E01000985,Croydon 021A,0,0,0,2
E01000987,Croydon 021C,4,0,0,1
E01000991,Croydon 018B,0,0,0,1
E01000993,Croydon 021D,8,3,0,1
E01000994,Croydon 009A,0,0,0,1
E01000995,Croydon 009B,0,0,0,1
E01000998,Croydon 010A,1,0,0,1
E01001000,Croydon 010B,0,0,0,1
E01001001,Croydon 013A,0,1,0,1
E01001005,Croydon 019A,1,0,0,0
E01001006,Croydon 016A,2,0,0,0
E01001007,Croydon 016B,0,0,0,1
E01001010,Croydon 019D,1,0,0,2
E01001016,Croydon 041B,2,0,0,2
E01001020,Croydon 044C,4,1,0,2
E01001025,Croydon 043C,2,2,0,1
E01001026,Croydon 043D,0,0,0,1
E01001029,Croydon 038B,2,0,0,1
E01001030,Croydon 038C,1,0,0,0
E01001031,Croydon 038D,2,0,0,0
E01001032,Croydon 035A,0,1,0,1
E01001033,Croydon 031A,4,0,0,2
E01001037,Croydon 029B,0,0,0,1
E01001041,Croydon 031C,4,3,0,6
E01001042,Croydon 024B,5,2,0,3
E01001044,Croydon 023A,0,0,0,1
E01001047,Croydon 047A,2,0,0,0
E01001051,Croydon 030A,1,0,0,1
E01001055,Croydon 032B,2,0,0,1
E01001061,Croydon 034D,0,1,0,2
E01001062,Croydon 026A,0,0,0,1
E01001075,Croydon 040C,5,0,0,1
E01001076,Croydon 036A,2,0,0,1
E01001078,Croydon 032D,2,1,0,3
E01001080,Croydon 036C,6,0,0,2
E01001081,Croydon 036D,3,0,0,1
E01001082,Croydon 032E,1,0,0,2
E01001084,Croydon 002A,0,1,0,4
E01001085,Croydon 004A,1,0,0,0
E01001087,Croydon 003C,0,0,0,1
E01001089,Croydon 004C,1,0,0,0
E01001091,Croydon 004E,0,0,0,1
E01001092,Croydon 037B,5,1,0,0
E01001093,Croydon 037C,0,0,0,1
E01001097,Croydon 037E,12,1,0,5
E01001100,Croydon 031E,2,0,0,4
E01001101,Croydon 035B,1,0,0,1
E01001102,Croydon 035C,3,0,0,2
E01001106,Croydon 039C,4,0,0,1
E01001109,Croydon 013B,1,0,0,0
E01001110,Croydon 020D,0,1,0,1
E01001112,Croydon 013C,0,0,0,1
E01001114,Croydon 013E,1,0,0,2
E01001115,Croydon 015B,0,0,0,2
E01001125,Croydon 033E,6,0,0,2
E01001127,Croydon 025A,2,0,0,3
E01001131,Croydon 018C,0,0,0,1
E01001134,Croydon 018E,4,1,0,2
E01001135,Croydon 025D,1,0,0,0
E01001136,Croydon 007A,1,0,0,2
E01001143,Croydon 008B,0,0,0,1
E01001144,Croydon 007E,0,0,0,1
E01001145,Croydon 008C,0,0,0,1
E01001147,Croydon 005A,0,0,0,2
E01001148,Croydon 005B,0,0,0,1
E01001151,Croydon 005C,4,3,0,2
E01001152,Croydon 005D,2,0,0,2
E01001154,Croydon 006E,0,0,0,1
E01001155,Croydon 010E,0,2,0,0
E01001157,Croydon 002B,2,1,0,1
E01001158,Croydon 005E,1,0,0,3
E01001159,Croydon 002C,0,0,0,1
E01001160,Croydon 002D,1,0,0,2
E01001161,Croydon 003D,2,1,0,2
E01001164,Croydon 001E,0,0,1,0
E01001165,Croydon 024C,3,0,0,1
E01001166,Croydon 024D,1,0,0,1
E01001167,Croydon 028A,2,1,0,2
E01001170,Croydon 047D,2,0,0,2
E01001172,Croydon 028D,2,0,0,0
E01001175,Croydon 011B,1,0,0,0
E01001176,Croydon 011C,1,1,0,1
E01001178,Croydon 015D,1,0,0,2
E01001183,Croydon 011E,1,0,0,0
E01001185,Croydon 014B,0,0,0,1
E01001191,Croydon 008D,0,0,0,1
E01001196,Ealing 015A,0,1,0,3
E01001199,Ealing 021D,0,0,0,1
E01001200,Ealing 025A,1,0,0,1
E01001202,Ealing 025C,12,7,1,8
E01001203,Ealing 025D,2,3,0,4
E01001207,Ealing 018D,1,0,0,1
E01001208,Ealing 018E,1,1,0,2
E01001209,Ealing 013A,0,1,0,0
E01001213,Ealing 023A,0,0,0,1
E01001215,Ealing 023C,2,1,0,1
E01001220,Ealing 029B,0,0,0,3
E01001225,Ealing 041A,5,1,0,4
E01001231,Ealing 027A,0,0,0,3
E01001233,Ealing 031D,2,0,0,2
E01001234,Ealing 027B,1,0,0,4
E01001240,Ealing 024A,5,1,0,4
E01001244,Ealing 024E,0,1,0,5
E01001245,Ealing 024F,0,0,0,1
E01001246,Ealing 015D,3,0,0,1
E01001247,Ealing 015E,4,1,0,1
E01001249,Ealing 028A,11,4,1,9
E01001250,Ealing 028B,4,0,0,2
E01001251,Ealing 030A,9,2,0,4
E01001252,Ealing 030B,0,0,0,3
E01001253,Ealing 030C,2,0,0,1
E01001254,Ealing 030D,0,0,0,1
E01001258,Ealing 010B,1,0,0,1
E01001259,Ealing 014B,2,2,0,1
E01001261,Ealing 012C,3,3,0,2
E01001263,Ealing 010D,0,0,0,1
E01001264,Ealing 010E,1,0,0,1
E01001266,Ealing 006B,1,0,0,2
E01001268,Ealing 012D,0,0,0,1
E01001269,Ealing 001A,4,0,0,7
E01001270,Ealing 004A,2,0,0,0
E01001271,Ealing 001B,0,0,0,2
E01001272,Ealing 006D,3,3,0,6
E01001274,Ealing 041E,0,0,0,2
E01001275,Ealing 041D,2,1,0,4
E01001277,Ealing 011B,0,0,0,1
E01001278,Ealing 011C,1,1,0,2
E01001284,Ealing 022A,0,0,0,1
E01001288,Ealing 022B,2,2,0,2
E01001290,Ealing 022D,0,0,0,3
E01001300,Ealing 039A,2,1,0,5
E01001301,Ealing 039B,6,0,0,0
E01001302,Ealing 039C,2,0,0,2
E01001303,Ealing 032A,0,0,0,4
E01001304,Ealing 039D,0,0,0,2
E01001306,Ealing 035D,0,0,0,1
E01001307,Ealing 002A,1,0,0,2
E01001309,Ealing 001C,0,0,0,1
E01001310,Ealing 001D,0,0,0,1
E01001311,Ealing 001E,1,0,0,4
E01001313,Ealing 002D,1,0,0,2
E01001315,Ealing 003A,0,0,0,1
E01001317,Ealing 003C,0,0,0,1
E01001320,Ealing 003E,0,0,0,1
E01001321,Ealing 003F,1,0,0,1
E01001323,Ealing 004D,4,1,0,2
E01001325,Ealing 009A,0,0,0,1
E01001326,Ealing 008C,2,0,0,1
E01001327,Ealing 009B,1,0,0,8
E01001328,Ealing 009C,1,0,0,2
E01001330,Ealing 008D,0,0,0,1
E01001333,Ealing 038A,0,0,0,1
E01001337,Ealing 029D,2,0,0,1
E01001339,Ealing 029F,0,0,0,1
E01001340,Ealing 029G,0,0,0,1
E01001347,Ealing 007C,1,0,0,0
E01001348,Ealing 007D,0,0,0,1
E01001349,Ealing 006E,0,0,0,1
E01001351,Ealing 025E,6,1,0,6
E01001352,Ealing 027D,2,2,0,2
E01001353,Ealing 033A,1,0,0,1
E01001355,Ealing 033B,0,0,0,2
E01001358,Ealing 033E,0,0,0,1
E01001359,Ealing 026A,1,0,0,0
E01001360,Ealing 026B,4,4,0,2
E01001361,Ealing 023E,4,1,0,0
E01001363,Ealing 026D,1,0,0,0
E01001366,Ealing 044C,0,0,0,1
E01001367,Ealing 043B,0,0,0,1
E01001368,Ealing 044D,0,0,0,1
E01001369,Ealing 038D,0,0,0,1
E01001370,Ealing 044A,0,0,0,1
E01001371,Ealing 044B,0,0,0,2
E01001374,Ealing 040A,1,0,0,0
E01001375,Ealing 034A,0,0,0,1
E01001380,Ealing 040C,0,0,0,1
E01001381,Ealing 034D,0,0,0,1
E01001384,Ealing 032C,1,0,0,3
E01001385,Ealing 032D,2,2,0,5
E01001386,Ealing 031F,1,1,0,5
E01001387,Ealing 032E,0,0,0,1
E01001388,Ealing 028E,0,1,0,1
E01001390,Enfield 036A,0,0,0,1
E01001391,Enfield 036B,3,0,0,2
E01001392,Enfield 032A,0,0,0,1
E01001393,Enfield 036C,0,0,0,1
E01001396,Enfield 036D,2,2,0,6
E01001397,Enfield 035C,0,1,0,0
E01001399,Enfield 021B,1,0,0,0
E01001405,Enfield 015A,0,0,0,1
E01001406,Enfield 015B,1,0,0,3
E01001407,Enfield 005A,0,2,0,1
E01001408,Enfield 004A,3,0,1,5
E01001411,Enfield 004B,1,1,0,1
E01001412,Enfield 004C,0,1,0,0
E01001418,Enfield 011C,1,0,0,1
E01001419,Enfield 020A,3,2,0,1
E01001421,Enfield 020C,0,0,0,1
E01001422,Enfield 011D,0,0,0,1
E01001424,Enfield 030A,0,0,0,1
E01001425,Enfield 027B,1,0,0,1
E01001428,Enfield 027C,0,0,0,1
E01001429,Enfield 030D,3,0,0,2
E01001445,Enfield 003B,0,0,0,3
E01001447,Enfield 003C,0,0,0,1
E01001450,Enfield 015C,0,0,0,1
E01001451,Enfield 017A,0,1,0,3
E01001454,Enfield 017D,0,1,0,1
E01001455,Enfield 021F,1,0,0,1
E01001456,Enfield 022A,0,0,0,1
E01001460,Enfield 024B,2,0,0,2
E01001464,Enfield 027E,1,0,0,0
E01001466,Enfield 031C,0,0,0,1
E01001468,Enfield 010B,0,0,0,2
E01001469,Enfield 008A,1,0,0,0
E01001472,Enfield 010D,1,0,0,1
E01001476,Enfield 018A,0,0,0,1
E01001477,Enfield 018B,0,0,0,1
E01001479,Enfield 023A,0,1,0,5
E01001488,Enfield 024E,0,1,0,0
E01001498,Enfield 029B,3,1,0,1
E01001499,Enfield 031F,0,0,0,1
E01001501,Enfield 036E,1,2,0,3
E01001503,Enfield 018E,0,0,0,1
E01001505,Enfield 012C,0,0,0,1
E01001507,Enfield 012D,0,1,0,0
E01001513,Enfield 012F,2,0,0,0
E01001514,Enfield 016E,0,0,0,1
E01001517,Enfield 006C,0,0,0,1
E01001518,Enfield 016F,1,0,0,0
E01001520,Enfield 019A,0,0,0,2
E01001521,Enfield 028A,1,0,0,1
E01001522,Enfield 019B,1,0,0,0
E01001525,Enfield 020E,0,1,0,0
E01001527,Enfield 036F,0,2,0,1
E01001528,Enfield 032B,0,0,0,2
E01001529,Enfield 032C,1,0,0,0
E01001534,Enfield 032E,0,0,0,2
E01001536,Enfield 008B,10,1,0,1
E01001537,Enfield 005E,0,0,0,1
E01001540,Enfield 008C,2,1,0,1
E01001544,Enfield 009D,0,0,0,1
E01001549,Enfield 006D,0,0,0,1
E01001554,Enfield 037C,0,1,0,2
E01001558,Enfield 033E,4,0,0,1
E01001562,Enfield 037D,2,0,0,0
E01001563,Enfield 029C,1,1,0,1
E01001564,Enfield 022B,0,3,0,1
E01001566,Enfield 029E,5,0,0,0
E01001567,Enfield 022C,0,1,0,0
E01001569,Enfield 022E,3,0,0,4
E01001571,Greenwich 008A,0,0,0,1
E01001573,Greenwich 008C,0,0,0,1
E01001575,Greenwich 003A,0,0,0,2
E01001576,Greenwich 003B,1,0,0,2
E01001578,Greenwich 003D,4,1,0,6
E01001580,Greenwich 021A,0,1,0,4
E01001581,Greenwich 016A,3,2,0,1
E01001582,Greenwich 021B,3,0,0,3
E01001585,Greenwich 016B,0,0,0,1
E01001586,Greenwich 016C,1,0,0,1
E01001590,Greenwich 014A,1,0,0,1
E01001591,Greenwich 012C,5,1,0,2
E01001592,Greenwich 014B,0,0,0,1
E01001599,Greenwich 032B,2,0,0,0
E01001600,Greenwich 032C,0,0,0,2
E01001604,Greenwich 027A,0,1,0,0
E01001605,Greenwich 023A,1,0,0,1
E01001607,Greenwich 027B,3,2,0,2
E01001609,Greenwich 027D,15,2,0,2
E01001613,Greenwich 028A,0,0,0,1
E01001614,Greenwich 028B,2,0,0,1
E01001615,Greenwich 028C,0,0,0,3
E01001617,Greenwich 028D,5,1,0,3
E01001619,Greenwich 030D,8,0,0,2
E01001620,Greenwich 025A,0,0,0,1
E01001621,Greenwich 025B,10,0,0,8
E01001623,Greenwich 025C,0,0,0,1
E01001624,Greenwich 025D,2,0,0,0
E01001633,Greenwich 009B,0,0,0,1
E01001634,Greenwich 009C,1,0,0,3
E01001637,Greenwich 009D,2,0,0,0
E01001638,Greenwich 038A,2,0,0,1
E01001641,Greenwich 038B,1,3,0,2
E01001644,Greenwich 038D,11,0,0,5
E01001648,Greenwich 022C,0,0,0,2
E01001649,Greenwich 022D,0,0,0,1
E01001650,Greenwich 019B,1,0,0,1
E01001652,Greenwich 019D,2,1,0,0
E01001656,Greenwich 034A,0,0,0,1
E01001665,Greenwich 037C,2,0,0,2
E01001666,Greenwich 041G,3,1,0,6
E01001673,Greenwich 006B,0,0,0,1
E01001679,Greenwich 020A,0,0,0,1
E01001693,Greenwich 001C,0,0,0,1
E01001696,Greenwich 011B,0,0,0,2
E01001702,Greenwich 015D,0,0,0,1
E01001705,Greenwich 005A,0,0,0,1
E01001708,Greenwich 005C,0,0,0,2
E01001710,Greenwich 005D,0,0,0,1
E01001712,Greenwich 042A,2,0,0,1
E01001719,Hackney 007E,0,0,0,1
E01001720,Hackney 007F,0,0,0,1
E01001722,Hackney 029A,0,0,0,1
E01001725,Hackney 004A,0,0,0,1
E01001730,Hackney 019B,1,0,0,0
E01001733,Hackney 015A,2,0,0,1
E01001734,Hackney 017B,1,0,0,0
E01001735,Hackney 019D,1,0,0,0
E01001736,Hackney 012A,0,0,0,1
E01001737,Hackney 012B,1,1,0,1
E01001738,Hackney 012C,1,0,0,0
E01001739,Hackney 012D,0,1,0,0
E01001740,Hackney 014A,0,0,0,1
E01001741,Hackney 009A,0,0,0,1
E01001744,Hackney 031A,0,0,0,1
E01001745,Hackney 016A,0,1,0,0
E01001747,Hackney 014B,0,0,0,3
E01001750,Hackney 031D,1,0,0,1
E01001755,Hackney 025D,1,0,0,3
E01001756,Hackney 030C,3,0,0,2
E01001758,Hackney 016D,0,0,0,2
E01001759,Hackney 016E,0,1,0,0
E01001760,Hackney 017C,3,0,0,0
E01001762,Hackney 017D,4,1,0,2
E01001763,Hackney 020C,0,0,0,1
E01001764,Hackney 010A,0,0,0,1
E01001765,Hackney 010B,0,0,0,1
E01001767,Hackney 010D,0,1,0,1
E01001769,Hackney 006E,1,0,0,1
E01001770,Hackney 010E,2,2,0,1
E01001773,Hackney 025E,0,0,0,1
E01001774,Hackney 024B,1,0,0,2
E01001777,Hackney 033A,5,1,0,2
E01001780,Hackney 032D,3,0,0,2
E01001781,Hackney 026B,0,0,0,1
E01001783,Hackney 026D,0,0,0,1
E01001784,Hackney 032A,3,0,0,2
E01001785,Hackney 015B,1,0,0,2
E01001786,Hackney 013A,0,0,0,1
E01001787,Hackney 013B,0,0,0,1
E01001798,Hackney 028A,0,0,0,1
E01001800,Hackney 004C,2,1,0,5
E01001805,Hackney 009B,9,3,0,8
E01001806,Hackney 008D,2,2,0,2
E01001808,Hackney 001A,0,1,0,1
E01001809,Hackney 001B,2,2,0,2
E01001813,Hackney 002E,0,0,0,1
E01001815,Hackney 024D,0,0,0,1
E01001821,Hackney 024F,0,5,0,3
E01001826,Hackney 004E,0,0,0,1
E01001827,Hackney 029D,0,0,0,1
E01001829,Hackney 009C,4,6,1,8
E01001830,Hackney 014C,2,0,1,3
E01001831,Hackney 009D,2,1,0,1
E01001833,Hackney 014D,0,0,0,1
E01001834,Hackney 014E,1,1,0,1
E01001835,Hackney 014F,1,0,0,0
E01001847,Hackney 018B,1,0,0,0
E01001848,Hackney 018C,2,0,0,2
E01001849,Hackney 018D,5,1,1,7
E01001850,Hackney 019F,0,0,0,3
E01001852,Hammersmith and Fulham 007A,0,0,0,2
E01001853,Hammersmith and Fulham 007B,0,0,0,1
E01001855,Hammersmith and Fulham 010B,0,0,0,1
E01001856,Hammersmith and Fulham 010C,3,1,0,0
E01001857,Hammersmith and Fulham 007D,0,1,0,1
E01001858,Hammersmith and Fulham 006A,2,0,0,2
E01001861,Hammersmith and Fulham 006C,1,1,0,2
E01001863,Hammersmith and Fulham 006D,0,0,0,1
E01001865,Hammersmith and Fulham 008B,2,3,0,2
E01001866,Hammersmith and Fulham 012A,1,0,0,3
E01001868,Hammersmith and Fulham 012C,1,0,0,0
E01001869,Hammersmith and Fulham 010D,1,1,0,0
E01001870,Hammersmith and Fulham 012D,1,0,0,0
E01001871,Hammersmith and Fulham 012E,0,0,0,2
E01001873,Hammersmith and Fulham 010E,0,0,0,1
E01001877,Hammersmith and Fulham 001D,3,2,0,3
E01001878,Hammersmith and Fulham 001E,0,0,0,1
E01001879,Hammersmith and Fulham 019A,0,0,0,1
E01001880,Hammersmith and Fulham 017A,3,0,0,2
E01001881,Hammersmith and Fulham 017B,4,2,0,2
E01001882,Hammersmith and Fulham 017C,1,0,0,1
E01001884,Hammersmith and Fulham 017E,0,0,0,1
E01001885,Hammersmith and Fulham 015A,0,1,0,2
E01001886,Hammersmith and Fulham 016A,1,0,0,1
E01001888,Hammersmith and Fulham 018A,0,0,0,2
E01001891,Hammersmith and Fulham 018B,1,0,0,5
E01001893,Hammersmith and Fulham 013A,0,0,0,2
E01001894,Hammersmith and Fulham 013B,7,0,0,7
E01001897,Hammersmith and Fulham 009C,0,0,0,1
E01001898,Hammersmith and Fulham 013C,11,1,0,4
E01001899,Hammersmith and Fulham 013D,5,2,1,2
E01001900,Hammersmith and Fulham 013E,0,0,0,1
E01001901,Hammersmith and Fulham 019B,0,0,0,1
E01001903,Hammersmith and Fulham 019D,0,0,0,1
E01001904,Hammersmith and Fulham 022A,0,0,0,1
E01001907,Hammersmith and Fulham 022D,1,0,0,3
E01001909,Hammersmith and Fulham 015C,1,1,0,0
E01001911,Hammersmith and Fulham 015D,0,0,0,1
E01001912,Hammersmith and Fulham 015E,0,1,0,1
E01001915,Hammersmith and Fulham 024A,0,1,0,4
E01001918,Hammersmith and Fulham 018D,0,0,0,1
E01001920,Hammersmith and Fulham 020A,0,0,0,1
E01001922,Hammersmith and Fulham 020C,0,1,0,0
E01001924,Hammersmith and Fulham 020E,0,0,0,1
E01001925,Hammersmith and Fulham 025A,0,0,0,1
E01001928,Hammersmith and Fulham 011A,0,0,0,1
E01001929,Hammersmith and Fulham 009D,0,1,0,1
E01001930,Hammersmith and Fulham 008D,1,0,0,0
E01001931,Hammersmith and Fulham 011B,0,0,0,2
E01001932,Hammersmith and Fulham 011C,0,1,0,1
E01001933,Hammersmith and Fulham 011D,2,1,0,2
E01001937,Hammersmith and Fulham 025C,2,0,0,2
E01001940,Hammersmith and Fulham 005B,6,2,0,1
E01001941,Hammersmith and Fulham 005C,1,2,1,2
E01001942,Hammersmith and Fulham 005D,1,3,0,0
E01001943,Hammersmith and Fulham 004A,25,9,0,7
E01001944,Hammersmith and Fulham 004B,0,3,0,2
E01001945,Hammersmith and Fulham 004C,6,2,0,1
E01001946,Hammersmith and Fulham 004D,1,0,0,0
E01001947,Hammersmith and Fulham 021A,0,0,0,1
E01001948,Hammersmith and Fulham 021B,0,0,0,2
E01001949,Hammersmith and Fulham 021C,0,1,0,0
E01001950,Hammersmith and Fulham 021D,1,2,0,1
E01001951,Hammersmith and Fulham 021E,0,0,0,1
E01001953,Hammersmith and Fulham 021F,1,0,0,1
E01001954,Hammersmith and Fulham 003A,3,1,0,2
E01001955,Hammersmith and Fulham 002A,2,1,0,2
E01001956,Hammersmith and Fulham 003B,0,0,0,1
E01001960,Hammersmith and Fulham 003D,2,4,0,1
E01001961,Hammersmith and Fulham 002D,1,0,0,1
E01001962,Haringey 004A,0,0,0,1
E01001964,Haringey 009B,1,1,0,1
E01001965,Haringey 009C,1,0,0,2
E01001969,Haringey 001A,0,0,0,1
E01001970,Haringey 004B,0,0,0,2
E01001971,Haringey 001B,2,1,0,2
E01001972,Haringey 004C,0,0,0,1
E01001973,Haringey 004D,5,0,0,6
E01001974,Haringey 001C,1,3,1,3
E01001975,Haringey 001D,0,0,0,1
E01001978,Haringey 011C,1,1,0,2
E01001979,Haringey 011D,8,2,1,9
E01001981,Haringey 018B,2,0,0,3
E01001982,Haringey 018C,1,0,0,0
E01001983,Haringey 018D,1,0,0,1
E01001984,Haringey 033A,1,0,0,1
E01001985,Haringey 033B,2,2,0,5
E01001989,Haringey 033D,1,5,0,4
E01001990,Haringey 034C,3,2,0,1
E01001991,Haringey 017A,0,1,0,0
E01001992,Haringey 017B,0,1,0,1
E01001993,Haringey 017C,0,0,0,1
E01001994,Haringey 030A,1,0,0,1
E01001997,Haringey 014D,1,0,0,1
E01001998,Haringey 023A,0,0,0,2
E01001999,Haringey 023B,4,3,0,5
E01002001,Haringey 031B,3,5,0,5
E01002002,Haringey 031C,7,2,0,9
E01002003,Haringey 023C,1,1,0,2
E01002004,Haringey 023D,0,0,0,4
E01002005,Haringey 035A,0,0,0,1
E01002007,Haringey 035C,2,0,0,0
E01002009,Haringey 035D,1,0,0,2
E01002010,Haringey 030C,0,0,0,1
E01002011,Haringey 030D,1,2,0,2
E01002013,Haringey 022A,3,2,0,3
E01002014,Haringey 020B,0,0,0,1
E01002017,Haringey 028B,8,1,0,5
E01002018,Haringey 020D,3,0,0,2
E01002020,Haringey 021A,0,2,0,1
E01002022,Haringey 021B,0,4,0,1
E01002026,Haringey 016A,3,3,0,3
E01002029,Haringey 016B,7,3,0,4
E01002030,Haringey 016C,2,3,0,4
E01002031,Haringey 016D,15,9,0,8
E01002034,Haringey 037A,4,0,0,4
E01002036,Haringey 002A,0,0,0,2
E01002037,Haringey 002B,0,2,0,1
E01002038,Haringey 037B,1,0,0,5
E01002039,Haringey 002C,4,0,0,4
E01002040,Haringey 002D,0,0,0,1
E01002041,Haringey 037C,0,0,0,1
E01002042,Haringey 027A,2,1,0,2
E01002043,Haringey 026A,0,0,0,1
E01002045,Haringey 026B,0,0,0,1
E01002046,Haringey 026C,2,2,0,2
E01002049,Haringey 026D,0,0,0,1
E01002053,Haringey 032A,0,0,0,1
E01002054,Haringey 032B,1,0,0,1
E01002056,Haringey 032C,0,0,0,1
E01002057,Haringey 032D,0,0,0,1
E01002058,Haringey 031D,0,0,0,1
E01002059,Haringey 028C,0,0,0,1
E01002061,Haringey 036A,1,0,0,0
E01002062,Haringey 034D,0,0,0,1
E01002065,Haringey 036D,0,0,1,0
E01002066,Haringey 025A,2,0,0,0
E01002067,Haringey 024A,1,0,0,2
E01002068,Haringey 025B,1,1,0,2
E01002069,Haringey 024B,8,7,1,11
E01002070,Haringey 024C,2,2,0,4
E01002071,Haringey 025C,1,0,0,4
E01002072,Haringey 025D,0,1,0,1
E01002073,Haringey 024D,1,1,0,2
E01002074,Haringey 012A,0,0,0,1
E01002078,Haringey 015C,0,0,0,1
E01002079,Haringey 012C,1,0,0,3
E01002083,Haringey 019A,0,0,0,1
E01002084,Haringey 019B,2,0,0,2
E01002085,Haringey 019C,0,0,0,1
E01002087,Haringey 019D,2,1,0,6
E01002089,Haringey 013D,1,0,0,1
E01002090,Haringey 005A,0,0,0,1
E01002093,Haringey 005B,1,0,0,1
E01002095,Haringey 006D,4,1,0,5
E01002097,Haringey 005D,0,0,0,3
E01002098,Haringey 007A,4,1,0,6
E01002099,Haringey 008A,3,0,0,4
E01002100,Haringey 008B,1,0,0,1
E01002103,Haringey 008C,1,0,0,0
E01002104,Haringey 008D,0,0,0,1
E01002106,Harrow 008A,2,2,0,3
E01002109,Harrow 008C,0,0,0,1
E01002110,Harrow 008D,0,0,0,1
E01002111,Harrow 008E,2,0,0,2
E01002112,Harrow 001A,1,1,0,2
E01002116,Harrow 002C,0,0,0,1
E01002118,Harrow 002E,1,0,0,1
E01002123,Harrow 007E,0,0,0,1
E01002124,Harrow 010A,1,0,0,1
E01002125,Harrow 010B,0,0,0,1
E01002128,Harrow 020A,3,0,0,2
E01002129,Harrow 023C,17,8,0,11
E01002130,Harrow 020B,8,2,0,5
E01002135,Harrow 029C,6,4,0,6
E01002136,Harrow 027B,3,0,0,5
E01002137,Harrow 029D,0,0,0,2
E01002140,Harrow 005A,1,1,0,4
E01002142,Harrow 005C,2,1,0,1
E01002146,Harrow 004B,0,0,0,1
E01002147,Harrow 004C,0,1,0,0
E01002149,Harrow 004D,1,0,0,0
E01002157,Harrow 019C,3,2,0,10
E01002161,Harrow 021C,0,0,0,1
E01002162,Harrow 015C,0,0,0,1
E01002164,Harrow 021D,0,0,0,4
E01002165,Harrow 017A,0,0,0,1
E01002171,Harrow 033B,0,0,0,1
E01002175,Harrow 033F,1,0,0,1
E01002179,Harrow 013A,2,1,0,3
E01002181,Harrow 020C,0,0,0,1
E01002184,Harrow 013D,0,0,0,1
E01002186,Harrow 009B,2,0,0,1
E01002189,Harrow 016B,3,4,0,2
E01002192,Harrow 016C,3,0,0,3
E01002193,Harrow 016D,0,1,0,2
E01002195,Harrow 022C,0,0,0,1
E01002196,Harrow 022D,1,0,0,1
E01002198,Harrow 010C,3,0,0,2
E01002200,Harrow 010D,0,0,0,1
E01002201,Harrow 012D,0,1,0,3
E01002204,Harrow 032A,0,0,0,1
E01002206,Harrow 032B,0,0,0,1
E01002209,Harrow 025B,8,3,0,6
E01002210,Harrow 032D,5,0,0,2
E01002212,Harrow 028B,3,0,0,2
E01002215,Harrow 031B,1,1,0,4
E01002218,Harrow 030A,2,1,0,2
E01002219,Harrow 030B,4,5,0,4
E01002221,Harrow 030C,0,3,0,1
E01002222,Harrow 030D,1,0,0,1
E01002226,Harrow 001D,2,1,0,0
E01002227,Harrow 003A,1,0,0,0
E01002232,Harrow 011A,4,0,0,3
E01002233,Harrow 011B,1,1,0,0
E01002234,Harrow 011C,0,0,0,3
E01002236,Harrow 011E,3,0,0,1
E01002237,Harrow 024A,0,0,0,1
E01002238,Harrow 024B,1,0,0,3
E01002240,Harrow 024C,0,0,0,1
E01002243,Havering 013A,4,2,0,2
E01002247,Havering 017B,0,0,0,1
E01002248,Havering 017C,0,0,0,1
E01002259,Havering 018D,1,0,0,1
E01002261,Havering 026B,3,0,0,2
E01002266,Havering 027A,3,0,0,3
E01002269,Havering 010B,0,0,0,1
E01002272,Havering 014A,0,0,0,1
E01002277,Havering 002A,4,0,0,1
E01002280,Havering 004A,1,0,0,0
E01002281,Havering 002C,1,0,0,0
E01002282,Havering 004B,1,2,0,3
E01002300,Havering 007E,2,1,0,2
E01002303,Havering 003B,0,0,0,1
E01002310,Havering 006B,1,0,0,0
E01002315,Havering 006D,1,0,0,0
E01002316,Havering 004F,0,0,0,1
E01002326,Havering 005D,0,0,0,2
E01002336,Havering 008C,0,0,0,1
E01002350,Havering 016B,0,0,0,1
E01002353,Havering 013B,0,2,0,1
E01002356,Havering 013C,5,1,0,3
E01002361,Havering 020C,2,0,0,0
E01002362,Havering 022D,2,0,0,0
E01002367,Havering 020E,1,0,0,0
E01002368,Havering 028A,0,0,0,1
E01002385,Havering 024A,0,1,0,0
E01002386,Havering 022E,0,0,0,1
E01002396,Hillingdon 026A,0,0,0,1
E01002397,Hillingdon 021C,1,0,0,1
E01002400,Hillingdon 024A,2,0,0,0
E01002403,Hillingdon 024D,0,0,0,1
E01002410,Hillingdon 017A,7,0,0,2
E01002412,Hillingdon 017B,0,0,0,2
E01002413,Hillingdon 022B,2,0,0,1
E01002414,Hillingdon 015A,1,0,0,0
E01002417,Hillingdon 008B,1,0,0,1
E01002425,Hillingdon 018D,2,0,0,3
E01002432,Hillingdon 006D,3,0,0,2
E01002434,Hillingdon 007B,0,0,1,0
E01002436,Hillingdon 004B,0,0,0,1
E01002442,Hillingdon 003E,2,0,0,2
E01002443,Hillingdon 032A,1,0,0,0
E01002444,Hillingdon 031A,4,0,0,3
E01002448,Hillingdon 032B,0,0,0,1
E01002456,Hillingdon 017C,0,0,0,1
E01002457,Hillingdon 019E,0,0,0,1
E01002458,Hillingdon 011A,0,0,0,2
E01002460,Hillingdon 011C,0,1,0,1
E01002470,Hillingdon 007D,3,0,0,1
E01002472,Hillingdon 002A,0,0,0,1
E01002474,Hillingdon 002B,2,1,0,3
E01002478,Hillingdon 002C,1,0,0,0
E01002485,Hillingdon 002F,10,3,0,9
E01002486,Hillingdon 028A,6,0,0,3
E01002495,Hillingdon 010E,0,0,0,2
E01002496,Hillingdon 033A,1,0,0,3
E01002497,Hillingdon 033B,5,0,0,2
E01002503,Hillingdon 027C,1,0,0,0
E01002506,Hillingdon 027E,3,0,0,2
E01002513,Hillingdon 013D,1,0,0,1
E01002514,Hillingdon 015C,1,0,0,3
E01002518,Hillingdon 022C,1,0,0,2
E01002519,Hillingdon 022D,1,1,0,2
E01002520,Hillingdon 016B,1,0,0,2
E01002521,Hillingdon 016C,9,4,0,1
E01002525,Hillingdon 029B,2,0,0,1
E01002526,Hillingdon 028C,0,0,0,1
E01002527,Hillingdon 031D,0,1,0,0
E01002529,Hillingdon 029C,3,0,0,1
E01002531,Hillingdon 029E,4,0,0,10
E01002535,Hillingdon 007E,0,1,0,0
E01002537,Hillingdon 009E,0,0,0,1
E01002546,Hillingdon 023D,1,0,0,1
E01002548,Hillingdon 025A,1,3,0,0
E01002551,Hillingdon 025C,0,0,0,1
E01002552,Hillingdon 025D,1,0,0,2
E01002553,Hillingdon 025E,3,0,0,2
E01002556,Hounslow 022B,0,0,0,1
E01002557,Hounslow 023A,0,0,0,2
E01002558,Hounslow 023B,3,2,0,2
E01002559,Hounslow 023C,1,0,0,0
E01002562,Hounslow 030D,1,0,0,0
E01002564,Hounslow 031E,0,0,0,1
E01002565,Hounslow 006B,1,0,0,2
E01002567,Hounslow 006C,0,0,0,2
E01002570,Hounslow 001B,2,0,0,2
E01002574,Hounslow 001D,1,0,0,1
E01002575,Hounslow 001E,0,1,0,0
E01002576,Hounslow 008A,1,1,0,2
E01002578,Hounslow 007D,0,0,0,1
E01002584,Hounslow 013B,2,0,0,0
E01002589,Hounslow 013E,0,0,0,1
E01002590,Hounslow 022C,0,0,0,1
E01002592,Hounslow 022D,1,0,0,1
E01002595,Hounslow 022E,1,0,0,0
E01002598,Hounslow 025B,6,2,0,5
E01002602,Hounslow 027C,0,0,0,1
E01002604,Hounslow 026A,0,0,0,2
E01002605,Hounslow 026B,3,0,0,2
E01002607,Hounslow 026D,4,0,0,4
E01002609,Hounslow 028B,1,0,0,0
E01002611,Hounslow 024D,2,0,0,2
E01002615,Hounslow 026E,1,0,0,4
E01002617,Hounslow 028D,0,0,0,1
E01002620,Hounslow 004A,1,0,0,3
E01002624,Hounslow 017A,0,0,0,1
E01002631,Hounslow 004E,0,0,0,1
E01002632,Hounslow 010C,2,0,0,0
E01002634,Hounslow 005B,3,1,0,1
E01002635,Hounslow 010D,0,1,0,1
E01002637,Hounslow 005C,1,0,0,0
E01002638,Hounslow 005D,0,0,0,1
E01002640,Hounslow 012C,1,2,0,6
E01002641,Hounslow 018A,7,0,0,0
E01002647,Hounslow 021A,1,0,0,0
E01002650,Hounslow 021B,1,0,1,0
E01002661,Hounslow 016D,1,1,0,1
E01002662,Hounslow 017C,2,0,0,4
E01002663,Hounslow 017D,2,0,0,1
E01002665,Hounslow 016E,1,0,0,3
E01002667,Hounslow 020A,0,0,0,1
E01002670,Hounslow 020B,1,0,0,2
E01002672,Hounslow 020D,0,0,0,1
E01002676,Hounslow 012E,0,0,0,2
E01002677,Hounslow 015E,0,1,0,6
E01002678,Hounslow 009B,0,0,0,2
E01002679,Hounslow 009C,1,0,0,0
E01002680,Hounslow 009D,1,0,0,3
E01002681,Hounslow 014C,2,0,0,0
E01002682,Hounslow 014D,1,0,0,3
E01002691,Hounslow 029B,1,0,0,1
E01002692,Hounslow 029C,1,0,0,1
E01002693,Hounslow 029D,2,0,0,0
E01002694,Islington 019A,0,0,0,1
E01002695,Islington 021A,2,0,0,1
E01002696,Islington 020A,6,1,0,4
E01002697,Islington 019B,1,0,0,2
E01002699,Islington 017B,1,1,0,1
E01002700,Islington 017C,0,0,0,2
E01002701,Islington 023A,3,0,0,3
E01002702,Islington 023B,3,0,0,1
E01002703,Islington 023C,0,0,0,1
E01002704,Islington 023D,8,1,1,3
E01002706,Islington 023E,6,0,1,1
E01002707,Islington 022B,0,0,0,2
E01002708,Islington 015A,3,0,0,1
E01002709,Islington 019C,0,0,0,1
E01002710,Islington 019D,2,0,0,2
E01002711,Islington 021B,3,0,0,6
E01002712,Islington 015B,0,0,0,2
E01002713,Islington 015C,0,0,0,1
E01002715,Islington 019E,1,0,0,0
E01002716,Islington 014A,0,1,0,0
E01002719,Islington 016B,0,0,0,2
E01002720,Islington 016C,1,0,0,1
E01002721,Islington 014C,0,0,0,2
E01002724,Islington 022D,3,0,0,4
E01002725,Islington 022E,1,0,0,0
E01002726,Islington 022F,5,2,0,4
E01002727,Islington 021C,1,2,0,2
E01002729,Islington 021E,0,1,0,0
E01002730,Islington 007A,1,0,0,2
E01002732,Islington 005A,0,0,0,1
E01002734,Islington 005B,11,5,0,4
E01002735,Islington 003A,6,4,0,6
E01002736,Islington 005C,2,1,0,2
E01002737,Islington 005D,0,0,0,1
E01002740,Islington 013B,2,0,0,2
E01002741,Islington 009B,2,0,0,2
E01002743,Islington 009C,1,0,0,0
E01002745,Islington 013C,2,1,0,2
E01002747,Islington 006B,8,2,0,5
E01002748,Islington 006C,2,1,0,2
E01002749,Islington 006D,0,1,0,2
E01002751,Islington 005E,2,0,0,2
E01002752,Islington 009E,0,1,0,3
E01002754,Islington 002B,0,0,0,1
E01002755,Islington 001A,0,0,0,1
E01002756,Islington 001B,2,0,0,0
E01002757,Islington 002C,1,1,0,1
E01002758,Islington 001C,0,0,0,1
E01002760,Islington 002E,0,0,0,1
E01002762,Islington 011C,1,0,0,1
E01002764,Islington 010A,0,0,0,1
E01002765,Islington 015D,0,1,0,5
E01002766,Islington 015E,0,0,0,1
E01002767,Islington 011D,5,1,0,5
E01002769,Islington 008A,0,0,1,1
E01002770,Islington 004B,5,4,0,5
E01002772,Islington 002F,0,0,0,3
E01002774,Islington 004E,1,0,0,2
E01002776,Islington 014E,1,0,0,1
E01002777,Islington 012A,0,0,0,1
E01002778,Islington 012B,6,0,0,3
E01002779,Islington 012C,1,0,0,1
E01002780,Islington 014F,1,3,0,2
E01002781,Islington 012D,0,0,0,1
E01002785,Islington 008B,1,0,0,1
E01002786,Islington 010D,1,3,0,3
E01002787,Islington 010E,1,0,0,2
E01002790,Islington 016D,2,4,0,1
E01002792,Islington 017E,1,3,0,1
E01002793,Islington 016F,4,4,0,3
E01002794,Islington 020B,8,4,1,4
E01002795,Islington 013D,7,1,0,7
E01002797,Islington 018B,0,0,0,1
E01002798,Islington 018C,0,0,0,2
E01002799,Islington 018D,1,1,0,1
E01002805,Islington 003B,4,0,0,2
E01002807,Islington 001E,3,0,0,3
E01002808,Islington 003D,2,0,0,1
E01002810,Islington 003F,0,0,0,1
E01002813,Kensington and Chelsea 011A,0,4,0,2
E01002815,Kensington and Chelsea 011B,1,0,0,0
E01002817,Kensington and Chelsea 011D,0,0,0,1
E01002819,Kensington and Chelsea 012B,1,1,0,1
E01002821,Kensington and Chelsea 014A,6,4,0,2
E01002824,Kensington and Chelsea 008A,1,0,0,1
E01002825,Kensington and Chelsea 008B,8,3,0,0
E01002826,Kensington and Chelsea 008C,1,2,0,3
E01002827,Kensington and Chelsea 008D,0,2,0,1
E01002829,Kensington and Chelsea 004A,0,0,0,2
E01002830,Kensington and Chelsea 004B,2,0,0,1
E01002831,Kensington and Chelsea 004C,4,9,1,2
E01002832,Kensington and Chelsea 004D,0,2,0,0
E01002833,Kensington and Chelsea 007A,1,3,0,0
E01002835,Kensington and Chelsea 016C,3,2,0,2
E01002836,Kensington and Chelsea 016D,0,0,0,1
E01002841,Kensington and Chelsea 021B,0,0,0,1
E01002846,Kensington and Chelsea 017A,0,0,0,1
E01002849,Kensington and Chelsea 017B,1,0,0,2
E01002850,Kensington and Chelsea 013D,1,1,0,1
E01002851,Kensington and Chelsea 015D,10,2,0,5
E01002852,Kensington and Chelsea 001A,0,3,0,1
E01002853,Kensington and Chelsea 001B,0,5,0,0
E01002854,Kensington and Chelsea 001C,0,0,0,2
E01002855,Kensington and Chelsea 001D,2,1,0,1
E01002856,Kensington and Chelsea 004E,2,0,0,2
E01002857,Kensington and Chelsea 001E,0,0,0,1
E01002859,Kensington and Chelsea 012C,2,4,0,1
E01002861,Kensington and Chelsea 014D,3,2,0,1
E01002862,Kensington and Chelsea 014E,0,4,0,1
E01002864,Kensington and Chelsea 009A,0,7,0,2
E01002865,Kensington and Chelsea 011E,1,3,0,3
E01002866,Kensington and Chelsea 009B,1,0,0,0
E01002867,Kensington and Chelsea 009C,0,0,0,2
E01002871,Kensington and Chelsea 007B,0,3,0,2
E01002875,Kensington and Chelsea 007E,0,1,0,1
E01002876,Kensington and Chelsea 003A,0,2,0,1
E01002877,Kensington and Chelsea 003B,1,0,0,2
E01002878,Kensington and Chelsea 003C,5,0,0,2
E01002881,Kensington and Chelsea 005E,0,0,0,3
E01002883,Kensington and Chelsea 006B,3,3,0,5
E01002884,Kensington and Chelsea 006C,3,0,1,0
E01002885,Kensington and Chelsea 006D,0,2,0,1
E01002886,Kensington and Chelsea 006E,0,1,0,0
E01002888,Kensington and Chelsea 013E,4,1,0,0
E01002889,Kensington and Chelsea 010B,0,0,0,1
E01002890,Kensington and Chelsea 010C,2,2,0,3
E01002894,Kensington and Chelsea 017D,1,0,0,1
E01002896,Kensington and Chelsea 020C,1,0,0,2
E01002897,Kensington and Chelsea 020D,0,0,0,1
E01002902,Kensington and Chelsea 018D,0,1,0,1
E01002904,Kensington and Chelsea 002A,2,0,0,1
E01002905,Kensington and Chelsea 002B,1,0,0,1
E01002909,Kensington and Chelsea 003E,0,0,0,1
E01002910,Kensington and Chelsea 019C,0,1,0,1
E01002911,Kensington and Chelsea 019D,0,1,0,1
E01002912,Kensington and Chelsea 020E,1,2,0,2
E01002913,Kensington and Chelsea 021E,1,0,0,2
E01002914,Kensington and Chelsea 019E,1,2,0,1
E01002916,Kingston upon Thames 014B,0,0,0,1
E01002921,Kingston upon Thames 011A,2,0,0,2
E01002924,Kingston upon Thames 014E,1,0,0,2
E01002925,Kingston upon Thames 013B,0,0,0,1
E01002928,Kingston upon Thames 008B,0,0,0,1
E01002930,Kingston upon Thames 007B,8,3,0,6
E01002931,Kingston upon Thames 007C,1,0,0,1
E01002934,Kingston upon Thames 004B,1,0,0,1
E01002935,Kingston upon Thames 003A,1,0,0,1
E01002940,Kingston upon Thames 020A,2,0,0,1
E01002941,Kingston upon Thames 018B,2,1,0,3
E01002942,Kingston upon Thames 018C,2,1,0,3
E01002945,Kingston upon Thames 019B,0,0,0,1
E01002948,Kingston upon Thames 020C,2,0,0,0
E01002949,Kingston upon Thames 020D,0,0,0,1
E01002953,Kingston upon Thames 002B,1,1,0,3
E01002960,Kingston upon Thames 006B,0,0,0,1
E01002962,Kingston upon Thames 006C,0,0,0,1
E01002963,Kingston upon Thames 007D,0,0,0,2
E01002964,Kingston upon Thames 005A,0,1,0,0
E01002965,Kingston upon Thames 009A,2,0,0,1
E01002966,Kingston upon Thames 010C,0,0,0,1
E01002968,Kingston upon Thames 009C,26,5,0,8
E01002969,Kingston upon Thames 005B,1,0,0,0
E01002970,Kingston upon Thames 006D,0,0,0,1
E01002971,Kingston upon Thames 005C,0,0,0,1
E01002972,Kingston upon Thames 005D,1,0,0,0
E01002973,Kingston upon Thames 006E,0,0,0,1
E01002974,Kingston upon Thames 005E,0,1,0,1
E01002975,Kingston upon Thames 012A,0,0,0,1
E01002977,Kingston upon Thames 012B,0,1,0,1
E01002984,Kingston upon Thames 012E,0,0,0,1
E01002987,Kingston upon Thames 011B,3,2,0,2
E01002988,Kingston upon Thames 011C,2,1,0,0
E01002989,Kingston upon Thames 011D,5,1,0,2
E01002992,Kingston upon Thames 010D,1,1,0,2
E01002996,Kingston upon Thames 016B,0,0,0,2
E01002997,Kingston upon Thames 016C,1,0,0,2
E01002999,Kingston upon Thames 013E,1,0,0,3
E01003003,Kingston upon Thames 017E,1,1,0,1
E01003004,Kingston upon Thames 018D,0,0,0,1
E01003005,Kingston upon Thames 018E,0,0,0,1
E01003007,Kingston upon Thames 001B,0,0,0,1
E01003011,Kingston upon Thames 004E,0,1,0,0
E01003013,Lambeth 036A,7,3,0,10
E01003014,Lambeth 036B,3,2,0,2
E01003015,Lambeth 002A,0,0,0,1
E01003016,Lambeth 036C,4,0,0,0
E01003017,Lambeth 036D,0,1,0,3
E01003018,Lambeth 020A,5,1,0,3
E01003019,Lambeth 015A,0,0,0,1
E01003020,Lambeth 016A,1,0,0,2
E01003021,Lambeth 021A,0,0,0,1
E01003022,Lambeth 021B,0,0,0,1
E01003023,Lambeth 021C,7,3,0,7
E01003026,Lambeth 019A,2,3,0,3
E01003030,Lambeth 019D,1,0,0,1
E01003032,Lambeth 017B,1,0,0,1
E01003033,Lambeth 019E,0,0,0,1
E01003034,Lambeth 012A,2,0,0,0
E01003035,Lambeth 012B,5,1,0,1
E01003036,Lambeth 012C,0,0,0,1
E01003037,Lambeth 013A,1,0,0,3
E01003038,Lambeth 013B,2,0,0,1
E01003039,Lambeth 013C,6,3,0,2
E01003040,Lambeth 013D,0,1,0,0
E01003041,Lambeth 017C,3,0,0,1
E01003047,Lambeth 011B,6,7,0,2
E01003048,Lambeth 009B,8,0,0,6
E01003049,Lambeth 011C,1,0,0,0
E01003050,Lambeth 016B,0,0,0,1
E01003051,Lambeth 018C,0,2,0,1
E01003053,Lambeth 015B,1,0,0,2
E01003055,Lambeth 016D,4,2,0,2
E01003056,Lambeth 015D,0,0,0,2
E01003057,Lambeth 017D,2,0,0,3
E01003058,Lambeth 015E,8,0,0,3
E01003059,Lambeth 011D,0,0,0,1
E01003061,Lambeth 011F,5,2,0,1
E01003062,Lambeth 033A,0,0,0,1
E01003063,Lambeth 033B,0,0,0,1
E01003064,Lambeth 028A,0,0,0,1
E01003065,Lambeth 031A,0,0,0,1
E01003068,Lambeth 031B,1,0,0,0
E01003070,Lambeth 033E,1,0,0,2
E01003071,Lambeth 018D,1,0,0,2
E01003074,Lambeth 018E,3,6,0,2
E01003076,Lambeth 014C,0,0,0,2
E01003077,Lambeth 014D,0,0,0,1
E01003079,Lambeth 027A,5,4,0,4
E01003080,Lambeth 027B,3,1,0,2
E01003081,Lambeth 028C,9,0,0,4
E01003084,Lambeth 030B,0,0,0,3
E01003087,Lambeth 031E,6,0,0,3
E01003089,Lambeth 008A,3,2,0,6
E01003090,Lambeth 012D,2,2,0,2
E01003091,Lambeth 008B,0,0,0,1
E01003092,Lambeth 008C,1,0,0,2
E01003093,Lambeth 010B,1,0,0,0
E01003094,Lambeth 010C,0,0,0,1
E01003095,Lambeth 012E,3,0,0,3
E01003096,Lambeth 010D,0,0,0,1
E01003098,Lambeth 005A,1,0,0,0
E01003099,Lambeth 005B,2,0,0,1
E01003100,Lambeth 005C,2,2,0,3
E01003101,Lambeth 003A,1,0,0,1
E01003102,Lambeth 004A,0,0,0,1
E01003105,Lambeth 003B,1,0,0,1
E01003106,Lambeth 003C,1,0,0,1
E01003107,Lambeth 003D,1,0,0,1
E01003108,Lambeth 002B,1,0,0,2
E01003110,Lambeth 002C,2,0,0,1
E01003112,Lambeth 002E,2,0,0,1
E01003113,Lambeth 032A,1,0,0,3
E01003114,Lambeth 032B,0,0,0,2
E01003115,Lambeth 034A,1,0,0,2
E01003117,Lambeth 029B,3,1,0,7
E01003118,Lambeth 029C,7,2,0,4
E01003122,Lambeth 004D,6,1,0,2
E01003124,Lambeth 006D,1,1,0,0
E01003125,Lambeth 006E,0,0,0,1
E01003126,Lambeth 008D,3,0,0,0
E01003128,Lambeth 008E,2,0,0,7
E01003129,Lambeth 004E,0,1,0,1
E01003131,Lambeth 026B,0,0,0,5
E01003132,Lambeth 024A,0,0,0,1
E01003133,Lambeth 027C,2,0,0,3
E01003141,Lambeth 034B,0,2,0,1
E01003143,Lambeth 035D,2,0,0,3
E01003145,Lambeth 034D,3,0,0,0
E01003146,Lambeth 035E,2,1,0,2
E01003148,Lambeth 032E,0,1,0,1
E01003152,Lambeth 027E,0,0,0,2
E01003158,Lambeth 023D,0,0,0,1
E01003162,Lambeth 022E,2,0,0,2
E01003164,Lambeth 025A,3,0,0,3
E01003165,Lambeth 025B,0,3,0,1
E01003166,Lambeth 028D,4,3,0,3
E01003169,Lambeth 025D,0,1,0,2
E01003173,Lambeth 020C,0,0,0,1
E01003174,Lambeth 024C,1,0,0,2
E01003175,Lambeth 024D,1,0,0,3
E01003176,Lambeth 016E,0,0,0,1
E01003177,Lambeth 020D,0,0,0,1
E01003180,Lambeth 005D,0,0,0,1
E01003181,Lambeth 007A,0,1,0,3
E01003182,Lambeth 009D,1,0,0,1
E01003183,Lambeth 005E,0,0,0,1
E01003186,Lambeth 007D,3,2,0,4
E01003187,Lambeth 007E,0,0,0,2
E01003191,Lewisham 034C,0,0,0,1
E01003193,Lewisham 029A,0,0,0,2
E01003196,Lewisham 029D,5,0,0,2
E01003199,Lewisham 007A,3,0,0,3
E01003200,Lewisham 009B,2,4,1,5
E01003202,Lewisham 009C,0,1,0,0
E01003203,Lewisham 009D,4,0,0,4
E01003207,Lewisham 005A,0,0,0,1
E01003209,Lewisham 005B,2,0,0,2
E01003210,Lewisham 005C,4,1,0,3
E01003211,Lewisham 008B,0,0,0,1
E01003212,Lewisham 005D,2,0,0,0
E01003213,Lewisham 008C,0,0,0,1
E01003215,Lewisham 005E,0,0,0,2
E01003220,Lewisham 022C,0,0,0,1
E01003221,Lewisham 025C,3,0,0,1
E01003223,Lewisham 025D,7,0,0,3
E01003224,Lewisham 022E,0,0,0,1
E01003226,Lewisham 019A,3,0,0,3
E01003228,Lewisham 019C,0,1,0,1
E01003229,Lewisham 019D,1,0,0,3
E01003230,Lewisham 019E,2,0,0,2
E01003231,Lewisham 015B,3,0,0,4
E01003232,Lewisham 015C,8,0,0,2
E01003235,Lewisham 038A,5,0,0,3
E01003236,Lewisham 037A,0,0,0,1
E01003240,Lewisham 038B,2,1,0,1
E01003241,Lewisham 038C,1,1,0,0
E01003243,Lewisham 038D,7,1,0,4
E01003246,Lewisham 002A,1,1,0,2
E01003248,Lewisham 002B,1,0,0,1
E01003251,Lewisham 002C,1,0,0,2
E01003252,Lewisham 002D,1,0,0,2
E01003253,Lewisham 002E,1,2,0,1
E01003255,Lewisham 021B,1,0,0,2
E01003256,Lewisham 028A,1,0,0,1
E01003258,Lewisham 028C,0,0,0,1
E01003259,Lewisham 028D,0,0,0,2
E01003263,Lewisham 023A,0,0,0,1
E01003272,Lewisham 014A,3,0,0,2
E01003274,Lewisham 014B,5,4,0,4
E01003278,Lewisham 011C,1,0,0,2
E01003282,Lewisham 013A,0,0,0,1
E01003284,Lewisham 013C,3,0,0,3
E01003287,Lewisham 016D,5,0,0,3
E01003288,Lewisham 041A,3,0,0,5
E01003290,Lewisham 041E,0,0,0,1
E01003291,Lewisham 041D,5,0,0,4
E01003292,Lewisham 017A,1,0,0,0
E01003293,Lewisham 017B,2,0,0,1
E01003298,Lewisham 039A,0,0,0,3
E01003299,Lewisham 003B,3,0,0,0
E01003301,Lewisham 003C,5,3,0,3
E01003303,Lewisham 039C,9,0,0,4
E01003304,Lewisham 039D,12,13,0,12
E01003307,Lewisham 024A,0,0,0,2
E01003309,Lewisham 027A,0,0,0,1
E01003311,Lewisham 027C,1,0,0,1
E01003314,Lewisham 024C,1,0,0,0
E01003315,Lewisham 024D,0,0,0,1
E01003318,Lewisham 020B,11,4,0,9
E01003319,Lewisham 018A,2,0,0,0
E01003320,Lewisham 018B,6,1,0,6
E01003321,Lewisham 020C,3,1,0,0
E01003322,Lewisham 020D,2,1,0,4
E01003324,Lewisham 020E,5,3,0,7
E01003325,Lewisham 018D,1,0,0,0
E01003326,Lewisham 035A,0,0,0,1
E01003327,Lewisham 035B,5,1,0,2
E01003330,Lewisham 033B,0,0,0,1
E01003334,Lewisham 033E,2,5,0,9
E01003335,Lewisham 035E,0,0,0,1
E01003338,Lewisham 006A,10,0,0,10
E01003344,Lewisham 010D,0,0,0,1
E01003345,Lewisham 010E,0,1,0,0
E01003346,Lewisham 026A,1,0,0,1
E01003352,Lewisham 030D,0,0,0,1
E01003353,Lewisham 030E,1,1,0,2
E01003355,Merton 009A,4,0,0,2
E01003357,Merton 012A,0,0,1,0
E01003359,Merton 006A,0,0,0,1
E01003360,Merton 006B,0,0,0,1
E01003361,Merton 015A,0,0,0,2
E01003366,Merton 016A,0,1,0,0
E01003369,Merton 005B,0,0,0,1
E01003371,Merton 005D,0,0,0,1
E01003372,Merton 008B,0,0,0,2
E01003373,Merton 018A,0,0,0,1
E01003374,Merton 022A,0,0,0,2
E01003376,Merton 012B,0,0,0,3
E01003377,Merton 012C,0,0,0,1
E01003379,Merton 018C,1,3,0,1
E01003380,Merton 011A,1,0,0,2
E01003383,Merton 009D,0,1,0,1
E01003384,Merton 009E,0,0,0,1
E01003385,Merton 011C,0,0,0,1
E01003387,Merton 014A,1,0,0,0
E01003389,Merton 013C,3,0,0,1
E01003390,Merton 018D,2,0,0,0
E01003394,Merton 007A,0,0,0,1
E01003400,Merton 003A,1,0,0,0
E01003401,Merton 004A,5,3,0,5
E01003402,Merton 004B,4,0,0,1
E01003405,Merton 018E,1,0,0,0
E01003406,Merton 008D,0,0,0,1
E01003408,Merton 012D,0,0,0,1
E01003409,Merton 013E,1,0,0,0
E01003411,Merton 014C,4,1,0,2
E01003415,Merton 017C,2,0,0,3
E01003417,Merton 025A,2,0,0,1
E01003418,Merton 025B,0,0,0,1
E01003421,Merton 021E,2,0,0,2
E01003423,Merton 011E,2,0,0,2
E01003426,Merton 015D,7,1,0,5
E01003427,Merton 023A,1,1,0,3
E01003428,Merton 015E,0,0,0,1
E01003433,Merton 019E,1,0,0,3
E01003437,Merton 022C,2,0,0,2
E01003440,Merton 022D,0,0,0,1
E01003441,Merton 022E,0,0,0,3
E01003443,Merton 010B,2,1,0,3
E01003444,Merton 010C,0,0,0,1
E01003445,Merton 010D,1,0,0,1
E01003446,Merton 016C,2,0,0,5
E01003448,Merton 023D,2,1,0,1
E01003453,Merton 023E,1,0,0,1
E01003456,Merton 003C,1,0,0,1
E01003457,Merton 006C,2,0,0,0
E01003459,Merton 006E,1,0,0,1
E01003460,Merton 002A,0,1,0,1
E01003461,Merton 004E,0,0,0,2
E01003467,Merton 020B,1,0,0,1
E01003468,Merton 020C,0,1,0,2
E01003469,Merton 020D,2,0,0,2
E01003470,Merton 020E,1,0,0,2
E01003471,Merton 016E,0,0,0,1
E01003473,Merton 001B,0,0,0,1
E01003478,Merton 001E,0,0,1,0
E01003480,Newham 033A,0,0,0,1
E01003481,Newham 035B,1,0,0,2
E01003483,Newham 032A,0,0,0,1
E01003486,Newham 033C,1,0,0,0
E01003487,Newham 033D,0,0,0,1
E01003489,Newham 019B,0,0,0,1
E01003490,Newham 019C,0,0,0,2
E01003491,Newham 022A,4,3,0,5
E01003494,Newham 025C,0,0,0,1
E01003495,Newham 025D,0,0,0,2
E01003497,Newham 034A,4,0,0,2
E01003498,Newham 027B,0,0,0,1
E01003499,Newham 030A,10,3,0,11
E01003500,Newham 027C,3,1,0,1
E01003501,Newham 030B,5,0,0,4
E01003502,Newham 030C,7,3,0,4
E01003503,Newham 030D,6,0,0,7
E01003506,Newham 034D,1,0,0,0
E01003509,Newham 031C,0,0,0,1
E01003512,Newham 036B,2,1,0,2
E01003513,Newham 035D,0,0,0,1
E01003515,Newham 036D,4,1,0,3
E01003517,Newham 036E,1,0,0,1
E01003520,Newham 018A,3,3,0,2
E01003521,Newham 018B,12,5,0,5
E01003522,Newham 018C,0,0,0,1
E01003523,Newham 024A,1,0,0,3
E01003524,Newham 019D,0,0,0,2
E01003525,Newham 018D,0,0,0,3
E01003526,Newham 018E,2,0,0,2
E01003527,Newham 024B,2,0,0,4
E01003529,Newham 010A,1,0,0,0
E01003531,Newham 010C,2,0,0,1
E01003537,Newham 024C,0,0,0,2
E01003538,Newham 029A,5,0,0,3
E01003542,Newham 024D,1,0,0,3
E01003544,Newham 001B,3,1,0,6
E01003546,Newham 001C,0,0,0,4
E01003548,Newham 006B,0,0,0,1
E01003550,Newham 001D,1,1,0,1
E01003555,Newham 007B,0,0,0,1
E01003556,Newham 008A,1,0,0,3
E01003557,Newham 006D,1,0,0,0
E01003559,Newham 009D,1,0,0,0
E01003560,Newham 011B,0,1,0,1
E01003562,Newham 014A,0,0,0,2
E01003563,Newham 011C,0,0,0,1
E01003564,Newham 014B,0,0,0,1
E01003566,Newham 014D,1,0,0,0
E01003568,Newham 017A,0,0,0,1
E01003569,Newham 017B,6,2,0,3
E01003573,Newham 017C,0,1,0,0
E01003575,Newham 005B,0,0,0,1
E01003578,Newham 003A,1,1,0,1
E01003583,Newham 002D,2,1,0,2
E01003586,Newham 003C,0,0,0,1
E01003587,Newham 004C,2,0,0,2
E01003588,Newham 011D,2,0,0,1
E01003589,Newham 011E,3,0,0,0
E01003590,Newham 003D,1,0,0,1
E01003595,Newham 026B,4,0,0,4
E01003598,Newham 021A,0,0,0,2
E01003599,Newham 022C,0,0,0,1
E01003600,Newham 021B,1,0,0,2
E01003602,Newham 026C,5,1,0,4
E01003603,Newham 028B,0,0,0,2
E01003604,Newham 031D,0,0,0,4
E01003605,Newham 028C,1,0,0,3
E01003607,Newham 026D,5,0,0,6
E01003611,Newham 041C,1,0,0,3
E01003615,Newham 039A,3,1,0,5
E01003616,Newham 012A,3,1,0,2
E01003619,Newham 012D,0,0,0,1
E01003621,Newham 023C,4,1,0,4
E01003622,Newham 023D,2,0,0,0
E01003623,Newham 023E,0,0,0,1
E01003626,Newham 015B,0,1,0,3
E01003627,Newham 015C,0,0,0,1
E01003628,Newham 015D,0,0,0,1
E01003629,Newham 015E,0,0,0,1
E01003630,Newham 021C,0,0,0,1
E01003634,Newham 020D,1,0,0,2
E01003638,Redbridge 017A,1,0,0,1
E01003643,Redbridge 017B,0,0,0,1
E01003645,Redbridge 017D,0,0,0,1
E01003646,Redbridge 012A,6,2,0,5
E01003653,Redbridge 015D,0,0,0,1
E01003655,Redbridge 004B,1,0,0,0
E01003656,Redbridge 005A,5,1,0,4
E01003659,Redbridge 005C,0,0,0,1
E01003662,Redbridge 038C,12,3,0,2
E01003666,Redbridge 038B,0,0,0,1
E01003668,Redbridge 007A,4,1,0,5
E01003669,Redbridge 007B,0,1,0,0
E01003672,Redbridge 007E,1,0,0,1
E01003673,Redbridge 007F,2,0,0,1
E01003674,Redbridge 007G,4,0,0,3
E01003675,Redbridge 036A,1,0,0,3
E01003680,Redbridge 036F,0,0,0,2
E01003681,Redbridge 036G,2,0,0,4
E01003682,Redbridge 036H,0,0,0,2
E01003683,Redbridge 040C,2,1,0,2
E01003685,Redbridge 040D,0,0,0,1
E01003686,Redbridge 040A,0,0,0,1
E01003689,Redbridge 039C,1,0,0,0
E01003690,Redbridge 035A,6,0,0,4
E01003691,Redbridge 035B,2,1,0,2
E01003692,Redbridge 035C,1,1,0,1
E01003698,Redbridge 006A,0,0,0,2
E01003699,Redbridge 006B,0,1,0,0
E01003702,Redbridge 006E,2,0,0,4
E01003704,Redbridge 006G,0,0,0,1
E01003705,Redbridge 010A,7,9,0,3
E01003709,Redbridge 008C,0,1,0,0
E01003710,Redbridge 008D,2,1,0,2
E01003711,Redbridge 010C,9,1,0,0
E01003714,Redbridge 034B,0,2,0,2
E01003719,Redbridge 034F,1,2,0,1
E01003720,Redbridge 002A,1,2,0,0
E01003721,Redbridge 003A,1,0,0,1
E01003726,Redbridge 002D,1,0,0,1
E01003727,Redbridge 003D,2,3,0,2
E01003729,Redbridge 032B,5,2,0,2
E01003735,Redbridge 033C,0,0,0,1
E01003738,Redbridge 031B,1,0,0,1
E01003748,Redbridge 001E,0,1,0,3
E01003749,Redbridge 001F,1,0,0,1
E01003750,Redbridge 001G,0,0,0,1
E01003762,Redbridge 009D,0,0,0,1
E01003764,Redbridge 009F,0,0,0,1
E01003765,Redbridge 009G,1,1,0,0
E01003767,Redbridge 024B,1,0,0,2
E01003768,Redbridge 024C,3,0,0,5
E01003770,Redbridge 022B,0,0,0,1
E01003773,Redbridge 022D,0,0,0,1
E01003776,Redbridge 014C,1,0,0,1
E01003778,Redbridge 014E,3,3,0,1
E01003782,Redbridge 026B,2,1,0,4
E01003783,Redbridge 029A,13,4,0,10
E01003788,Redbridge 029D,2,0,0,3
E01003793,Redbridge 027D,1,1,0,0
E01003797,Richmond upon Thames 001A,0,0,0,1
E01003806,Richmond upon Thames 012B,1,0,0,0
E01003810,Richmond upon Thames 019A,0,1,0,0
E01003815,Richmond upon Thames 019D,1,0,0,0
E01003816,Richmond upon Thames 012C,1,0,0,0
E01003817,Richmond upon Thames 012D,0,0,0,1
E01003818,Richmond upon Thames 017A,0,0,0,2
E01003823,Richmond upon Thames 023B,0,0,0,1
E01003825,Richmond upon Thames 023D,0,0,0,1
E01003826,Richmond upon Thames 023E,0,0,0,1
E01003827,Richmond upon Thames 023F,0,1,0,1
E01003834,Richmond upon Thames 022A,1,0,0,2
E01003847,Richmond upon Thames 002B,1,2,0,3
E01003849,Richmond upon Thames 002C,0,1,0,0
E01003852,Richmond upon Thames 003A,0,4,0,1
E01003855,Richmond upon Thames 003D,0,0,0,1
E01003860,Richmond upon Thames 002E,0,0,0,1
E01003864,Richmond upon Thames 002F,0,0,0,1
E01003868,Richmond upon Thames 007B,0,1,0,0
E01003870,Richmond upon Thames 011C,1,0,0,1
E01003876,Richmond upon Thames 008B,8,6,1,3
E01003884,Richmond upon Thames 016C,0,0,0,1
E01003895,Richmond upon Thames 009D,0,0,0,1
E01003897,Richmond upon Thames 014D,2,0,1,1
E01003900,Richmond upon Thames 015C,0,0,0,1
E01003904,Richmond upon Thames 015G,0,1,0,0
E01003905,Richmond upon Thames 010A,0,0,0,1
E01003908,Richmond upon Thames 010D,0,0,0,1
E01003911,Southwark 020A,0,1,0,0
E01003912,Southwark 019A,0,1,0,1
E01003913,Southwark 024A,2,0,0,3
E01003915,Southwark 024C,2,0,0,2
E01003916,Southwark 020B,2,1,0,3
E01003919,Southwark 021A,0,0,0,2
E01003920,Southwark 021B,0,0,0,3
E01003921,Southwark 021C,4,5,0,4
E01003922,Southwark 021D,6,2,0,8
E01003923,Southwark 017A,1,0,0,1
E01003924,Southwark 021E,3,0,0,5
E01003926,Southwark 021F,1,0,0,1
E01003929,Southwark 002B,17,7,1,8
E01003930,Southwark 034A,1,0,0,1
E01003932,Southwark 034B,1,0,0,2
E01003933,Southwark 034C,3,1,0,4
E01003934,Southwark 002C,2,1,0,4
E01003935,Southwark 002D,8,2,0,0
E01003936,Southwark 009A,1,0,0,2
E01003937,Southwark 009B,0,0,0,1
E01003938,Southwark 006A,2,0,0,2
E01003939,Southwark 002E,1,0,0,1
E01003940,Southwark 006B,0,0,0,1
E01003941,Southwark 006C,10,0,1,7
E01003942,Southwark 006D,2,1,0,1
E01003947,Southwark 033C,0,0,0,1
E01003950,Southwark 032B,0,0,0,1
E01003952,Southwark 030A,0,1,0,0
E01003953,Southwark 028A,1,1,0,0
E01003960,Southwark 012A,1,0,0,1
E01003961,Southwark 012B,5,1,0,1
E01003963,Southwark 016A,2,0,0,1
E01003966,Southwark 015B,12,1,0,4
E01003969,Southwark 017B,1,1,0,4
E01003975,Southwark 004A,2,4,0,1
E01003976,Southwark 036D,0,3,1,3
E01003977,Southwark 010A,0,1,0,3
E01003979,Southwark 006E,0,0,0,1
E01003981,Southwark 006F,6,3,0,5
E01003983,Southwark 018A,1,0,0,1
E01003984,Southwark 023A,1,0,0,4
E01003988,Southwark 018B,1,0,0,5
E01003989,Southwark 018C,2,0,0,0
E01003991,Southwark 017C,0,1,0,1
E01003992,Southwark 014A,0,0,0,1
E01003994,Southwark 012E,7,3,0,3
E01003995,Southwark 014B,1,0,0,1
E01003997,Southwark 017E,3,0,0,2
E01004000,Southwark 026A,2,0,0,1
E01004002,Southwark 029A,0,0,0,1
E01004003,Southwark 023B,1,0,0,0
E01004005,Southwark 023D,2,0,0,0
E01004006,Southwark 023E,1,0,0,1
E01004007,Southwark 018E,0,0,0,1
E01004008,Southwark 022B,0,0,0,1
E01004010,Southwark 022D,3,1,0,3
E01004013,Southwark 019D,2,0,0,0
E01004015,Southwark 028C,0,0,0,1
E01004016,Southwark 029B,0,0,0,4
E01004020,Southwark 029D,0,0,0,1
E01004023,Southwark 004D,4,0,0,4
E01004028,Southwark 004E,0,0,1,1
E01004029,Southwark 001A,0,0,0,1
E01004030,Southwark 007A,1,0,0,2
E01004031,Southwark 007B,3,2,0,1
E01004033,Southwark 007C,1,0,0,0
E01004034,Southwark 007D,0,0,0,1
E01004035,Southwark 011D,0,1,0,0
E01004036,Southwark 007E,2,0,0,1
E01004037,Southwark 010B,3,2,0,2
E01004042,Southwark 010D,0,2,0,0
E01004048,Southwark 027C,0,0,0,1
E01004052,Southwark 024E,0,0,0,1
E01004053,Southwark 001C,0,0,0,2
E01004056,Southwark 008A,0,0,0,2
E01004058,Southwark 008C,0,0,0,1
E01004059,Southwark 008D,0,0,0,2
E01004060,Southwark 008E,1,0,0,1
E01004061,Southwark 025A,2,0,0,0
E01004063,Southwark 025C,5,3,0,3
E01004064,Southwark 026D,0,0,0,2
E01004066,Southwark 025E,2,0,0,1
E01004067,Southwark 022E,3,4,1,2
E01004068,Southwark 026E,0,2,0,0
E01004069,Southwark 031A,0,1,0,0
E01004075,Southwark 031E,0,1,0,1
E01004076,Sutton 011A,1,0,0,0
E01004086,Sutton 019B,1,0,0,1
E01004089,Sutton 019D,1,0,0,0
E01004093,Sutton 025A,1,0,0,0
E01004094,Sutton 025B,0,0,0,1
E01004098,Sutton 015B,2,0,0,0
E01004099,Sutton 015C,2,0,0,2
E01004100,Sutton 015D,1,0,0,3
E01004102,Sutton 015E,1,0,0,0
E01004103,Sutton 013B,3,0,0,1
E01004104,Sutton 020A,4,0,0,2
E01004105,Sutton 022C,0,0,0,2
E01004107,Sutton 020B,1,0,0,1
E01004109,Sutton 024D,1,0,0,1
E01004110,Sutton 016A,2,2,0,1
E01004111,Sutton 016B,1,2,0,2
E01004123,Sutton 002A,6,1,0,4
E01004128,Sutton 002D,2,0,0,1
E01004135,Sutton 003D,0,0,0,1
E01004137,Sutton 012A,0,0,0,1
E01004138,Sutton 013C,5,1,0,3
E01004139,Sutton 013D,0,0,0,1
E01004141,Sutton 012C,0,1,0,0
E01004144,Sutton 007A,0,0,0,1
E01004146,Sutton 007C,2,0,0,0
E01004147,Sutton 007D,1,0,0,1
E01004148,Sutton 014B,2,0,0,1
E01004154,Sutton 022E,3,1,0,2
E01004156,Sutton 018C,3,0,0,2
E01004159,Sutton 014C,3,0,0,0
E01004160,Sutton 014D,0,0,0,2
E01004161,Sutton 014E,0,0,0,2
E01004165,Sutton 005C,8,2,0,2
E01004167,Sutton 005D,0,0,0,2
E01004169,Sutton 004C,0,0,0,1
E01004170,Sutton 017B,7,1,0,3
E01004171,Sutton 010A,1,1,0,2
E01004175,Sutton 010D,1,0,0,1
E01004176,Sutton 010E,1,0,0,2
E01004177,Sutton 020C,1,1,0,0
E01004178,Sutton 017D,5,3,0,5
E01004181,Sutton 020E,0,0,0,1
E01004182,Sutton 019E,4,0,0,2
E01004183,Sutton 001B,6,2,0,7
E01004185,Sutton 001D,2,0,0,1
E01004191,Sutton 008D,1,0,0,0
E01004194,Sutton 008E,2,0,0,0
E01004195,Sutton 006E,1,0,0,0
E01004196,Sutton 008F,2,0,0,2
E01004198,Tower Hamlets 002B,1,0,0,0
E01004199,Tower Hamlets 002C,4,0,0,2
E01004200,Tower Hamlets 005A,0,0,0,1
E01004201,Tower Hamlets 002D,0,0,0,1
E01004202,Tower Hamlets 005B,1,2,0,1
E01004203,Tower Hamlets 005C,2,1,0,2
E01004204,Tower Hamlets 005D,2,0,0,0
E01004205,Tower Hamlets 013A,1,0,0,0
E01004206,Tower Hamlets 013B,1,0,0,1
E01004207,Tower Hamlets 011A,9,0,0,7
E01004208,Tower Hamlets 013C,9,1,0,5
E01004209,Tower Hamlets 011B,0,0,0,1
E01004211,Tower Hamlets 013D,1,0,0,0
E01004212,Tower Hamlets 011D,0,0,0,2
E01004217,Tower Hamlets 030C,1,1,0,3
E01004219,Tower Hamlets 035B,2,0,0,2
E01004221,Tower Hamlets 036A,0,0,0,1
E01004222,Tower Hamlets 001A,5,2,0,4
E01004223,Tower Hamlets 001B,1,0,0,1
E01004226,Tower Hamlets 001D,0,0,0,1
E01004229,Tower Hamlets 004C,0,0,0,2
E01004231,Tower Hamlets 004D,2,0,0,1
E01004232,Tower Hamlets 003C,7,1,0,4
E01004233,Tower Hamlets 003D,2,0,0,3
E01004234,Tower Hamlets 003E,2,1,1,0
E01004236,Tower Hamlets 008B,0,1,0,0
E01004237,Tower Hamlets 008C,1,2,0,1
E01004240,Tower Hamlets 012A,2,1,0,2
E01004241,Tower Hamlets 012B,0,1,0,1
E01004243,Tower Hamlets 020A,0,0,0,2
E01004244,Tower Hamlets 020B,4,2,0,2
E01004245,Tower Hamlets 018A,1,0,0,2
E01004247,Tower Hamlets 020C,15,1,0,5
E01004248,Tower Hamlets 018C,1,0,0,0
E01004249,Tower Hamlets 018D,0,0,0,2
E01004251,Tower Hamlets 023A,2,0,0,1
E01004255,Tower Hamlets 023C,4,0,0,2
E01004256,Tower Hamlets 024C,1,0,0,1
E01004257,Tower Hamlets 024D,0,0,0,1
E01004258,Tower Hamlets 023D,1,0,0,0
E01004259,Tower Hamlets 007A,1,1,0,5
E01004266,Tower Hamlets 007D,2,1,0,2
E01004267,Tower Hamlets 012D,1,2,0,1
E01004270,Tower Hamlets 014B,9,1,0,8
E01004272,Tower Hamlets 014D,1,1,0,2
E01004274,Tower Hamlets 031A,1,0,0,0
E01004277,Tower Hamlets 033A,22,5,0,5
E01004280,Tower Hamlets 032A,2,0,0,1
E01004283,Tower Hamlets 016A,1,0,1,0
E01004286,Tower Hamlets 019C,3,0,0,1
E01004287,Tower Hamlets 016B,0,0,0,1
E01004288,Tower Hamlets 019D,0,0,0,2
E01004290,Tower Hamlets 016D,1,0,0,1
E01004291,Tower Hamlets 027A,0,0,0,1
E01004292,Tower Hamlets 026A,1,2,0,1
E01004293,Tower Hamlets 027B,1,0,0,2
E01004295,Tower Hamlets 026C,2,0,0,0
E01004296,Tower Hamlets 026D,0,0,0,2
E01004297,Tower Hamlets 027C,1,0,0,1
E01004298,Tower Hamlets 022A,0,0,0,2
E01004301,Tower Hamlets 025B,1,0,0,1
E01004304,Tower Hamlets 022C,3,1,0,6
E01004306,Tower Hamlets 015A,0,0,0,3
E01004307,Tower Hamlets 015B,11,2,1,2
E01004308,Tower Hamlets 015C,3,0,0,0
E01004309,Tower Hamlets 015D,8,1,0,8
E01004310,Tower Hamlets 015E,1,0,0,2
E01004311,Tower Hamlets 006A,1,2,0,2
E01004313,Tower Hamlets 009B,5,0,0,2
E01004315,Tower Hamlets 006C,0,0,0,2
E01004316,Tower Hamlets 009C,1,0,1,0
E01004321,Tower Hamlets 021C,1,0,0,0
E01004322,Tower Hamlets 017A,0,0,0,1
E01004323,Tower Hamlets 017B,0,0,0,1
E01004326,Tower Hamlets 017D,1,0,0,1
E01004327,Waltham Forest 028A,1,0,0,1
E01004328,Waltham Forest 028B,0,2,0,1
E01004330,Waltham Forest 028D,1,0,0,0
E01004331,Waltham Forest 028E,0,1,0,0
E01004335,Waltham Forest 027A,5,5,0,2
E01004336,Waltham Forest 026A,3,2,0,4
E01004340,Waltham Forest 027E,0,0,0,2
E01004341,Waltham Forest 027F,1,0,0,1
E01004342,Waltham Forest 011A,0,0,0,1
E01004345,Waltham Forest 010A,0,0,0,1
E01004348,Waltham Forest 010B,3,0,0,4
E01004349,Waltham Forest 001A,0,1,0,0
E01004352,Waltham Forest 002A,1,1,0,0
E01004366,Waltham Forest 019C,0,0,0,1
E01004369,Waltham Forest 023A,1,1,0,2
E01004371,Waltham Forest 025A,1,0,0,0
E01004374,Waltham Forest 025C,0,0,0,2
E01004379,Waltham Forest 007A,1,0,0,0
E01004381,Waltham Forest 007C,0,0,0,1
E01004384,Waltham Forest 003A,0,0,0,1
E01004391,Waltham Forest 014A,0,0,0,2
E01004392,Waltham Forest 017A,2,3,0,2
E01004393,Waltham Forest 014B,1,0,0,1
E01004394,Waltham Forest 017B,0,0,1,1
E01004396,Waltham Forest 012A,0,1,0,0
E01004397,Waltham Forest 017C,10,1,1,6
E01004398,Waltham Forest 009A,0,0,0,1
E01004401,Waltham Forest 014C,0,0,0,1
E01004402,Waltham Forest 009D,0,0,0,1
E01004403,Waltham Forest 009E,0,0,0,3
E01004404,Waltham Forest 014D,0,0,0,1
E01004407,Waltham Forest 013A,1,0,0,0
E01004409,Waltham Forest 016C,1,0,0,0
E01004412,Waltham Forest 015A,1,0,0,0
E01004420,Waltham Forest 020C,0,1,0,0
E01004421,Waltham Forest 018B,6,1,0,5
E01004422,Waltham Forest 022A,1,0,0,4
E01004423,Waltham Forest 020D,1,0,0,0
E01004424,Waltham Forest 022B,0,0,0,1
E01004425,Waltham Forest 022C,1,2,0,3
E01004428,Waltham Forest 026B,0,0,0,2
E01004429,Waltham Forest 026C,1,0,0,0
E01004430,Waltham Forest 026D,1,2,0,0
E01004432,Waltham Forest 023D,2,1,0,2
E01004434,Waltham Forest 026E,0,0,0,1
E01004435,Waltham Forest 023E,1,0,0,1
E01004436,Waltham Forest 021B,1,1,0,1
E01004437,Waltham Forest 021C,1,0,0,3
E01004439,Waltham Forest 021D,0,0,0,1
E01004440,Waltham Forest 024D,3,0,0,1
E01004442,Waltham Forest 021E,0,0,0,1
E01004443,Waltham Forest 016E,2,0,0,3
E01004444,Waltham Forest 017D,0,1,0,2
E01004445,Waltham Forest 018C,0,0,0,1
E01004446,Waltham Forest 017E,0,0,0,1
E01004447,Waltham Forest 016F,0,0,0,1
E01004448,Waltham Forest 018D,2,0,0,1
E01004452,Waltham Forest 005E,1,1,0,0
E01004453,Waltham Forest 006B,1,0,0,0
E01004456,Waltham Forest 006E,1,0,0,0
E01004457,Waltham Forest 012B,0,0,0,1
E01004458,Waltham Forest 012C,0,0,0,1
E01004459,Waltham Forest 012D,0,0,0,1
E01004460,Waltham Forest 011D,2,0,0,0
E01004463,Waltham Forest 012E,0,0,1,0
E01004464,Waltham Forest 013C,0,1,0,0
E01004470,Waltham Forest 013E,1,0,0,3
E01004472,Wandsworth 021A,1,0,0,2
E01004473,Wandsworth 026A,1,1,0,0
E01004474,Wandsworth 021B,2,0,0,0
E01004475,Wandsworth 026B,0,0,0,1
E01004476,Wandsworth 021C,7,0,0,3
E01004481,Wandsworth 029A,0,0,0,1
E01004482,Wandsworth 030A,0,0,0,1
E01004491,Wandsworth 031B,0,0,0,1
E01004492,Wandsworth 031C,6,2,0,4
E01004493,Wandsworth 019A,1,0,0,0
E01004494,Wandsworth 018A,4,0,0,1
E01004495,Wandsworth 024A,1,1,0,0
E01004496,Wandsworth 024B,6,4,0,5
E01004498,Wandsworth 031D,3,0,0,0
E01004500,Wandsworth 014A,0,0,0,1
E01004503,Wandsworth 014C,0,0,0,1
E01004506,Wandsworth 011A,0,0,0,1
E01004507,Wandsworth 014E,0,0,0,2
E01004511,Wandsworth 010B,0,0,0,1
E01004514,Wandsworth 012C,0,0,0,1
E01004515,Wandsworth 012D,1,1,0,0
E01004516,Wandsworth 036A,0,0,0,1
E01004518,Wandsworth 036B,0,0,0,2
E01004521,Wandsworth 037B,1,0,0,1
E01004524,Wandsworth 037D,0,0,0,1
E01004525,Wandsworth 035A,6,4,0,2
E01004526,Wandsworth 035B,2,0,0,0
E01004528,Wandsworth 035D,1,0,0,3
E01004529,Wandsworth 035E,2,3,0,3
E01004531,Wandsworth 033A,1,1,0,1
E01004534,Wandsworth 008A,1,0,0,1
E01004536,Wandsworth 008B,1,1,0,2
E01004537,Wandsworth 007B,0,0,0,2
E01004538,Wandsworth 007C,0,0,0,1
E01004540,Wandsworth 003B,0,0,0,1
E01004541,Wandsworth 007D,4,0,0,3
E01004544,Wandsworth 021E,1,0,0,0
E01004545,Wandsworth 027B,3,2,0,2
E01004546,Wandsworth 027C,1,0,0,0
E01004548,Wandsworth 029D,1,1,0,3
E01004549,Wandsworth 027D,1,1,0,2
E01004551,Wandsworth 012E,14,1,0,6
E01004552,Wandsworth 008C,3,0,0,1
E01004553,Wandsworth 015A,1,4,0,2
E01004556,Wandsworth 009B,0,0,0,2
E01004558,Wandsworth 015C,0,0,0,1
E01004560,Wandsworth 001A,5,0,0,5
E01004563,Wandsworth 039E,0,0,0,1
E01004566,Wandsworth 001B,4,1,0,3
E01004567,Wandsworth 039A,0,0,0,1
E01004568,Wandsworth 013A,0,0,0,1
E01004569,Wandsworth 023A,2,0,0,1
E01004571,Wandsworth 023C,0,0,0,1
E01004575,Wandsworth 013C,0,0,0,2
E01004577,Wandsworth 003C,1,0,0,1
E01004579,Wandsworth 004B,0,1,0,1
E01004580,Wandsworth 004C,3,1,0,3
E01004581,Wandsworth 004D,0,1,0,1
E01004582,Wandsworth 001C,0,0,0,1
E01004583,Wandsworth 001D,0,1,0,2
E01004584,Wandsworth 003D,0,2,0,2
E01004585,Wandsworth 008D,0,0,0,3
E01004586,Wandsworth 009C,0,0,0,1
E01004587,Wandsworth 009D,0,0,0,1
E01004588,Wandsworth 008E,2,2,0,2
E01004590,Wandsworth 005B,3,0,0,4
E01004591,Wandsworth 005C,5,0,0,1
E01004592,Wandsworth 005D,0,0,0,1
E01004595,Wandsworth 025B,1,0,0,0
E01004601,Wandsworth 018D,2,0,0,0
E01004608,Wandsworth 006E,0,0,0,1
E01004609,Wandsworth 010E,0,0,0,2
E01004610,Wandsworth 033C,1,3,0,1
E01004611,Wandsworth 032B,0,0,0,1
E01004612,Wandsworth 032C,0,5,0,4
E01004613,Wandsworth 033D,2,2,0,4
E01004614,Wandsworth 034A,0,0,0,3
E01004616,Wandsworth 034C,2,2,0,4
E01004617,Wandsworth 034D,2,0,0,4
E01004618,Wandsworth 032D,4,1,0,1
E01004619,Wandsworth 015E,0,1,0,1
E01004622,Wandsworth 024D,0,1,0,1
E01004626,Wandsworth 027F,0,0,0,1
E01004629,Wandsworth 020F,0,1,0,3
E01004630,Wandsworth 022B,0,0,0,1
E01004631,Wandsworth 022C,0,0,0,2
E01004636,Wandsworth 028D,0,0,0,1
E01004639,Wandsworth 011C,0,0,0,1
E01004641,Wandsworth 011E,0,0,0,1
E01004643,Wandsworth 016C,1,0,0,0
E01004645,Wandsworth 016E,2,0,0,3
E01004647,Westminster 001A,0,3,0,4
E01004649,Westminster 001B,1,1,0,1
E01004652,Westminster 017A,0,0,0,2
E01004653,Westminster 014A,0,1,0,3
E01004654,Westminster 014B,0,1,0,3
E01004656,Westminster 014D,1,0,0,0
E01004658,Westminster 012B,0,1,0,4
E01004659,Westminster 008A,6,0,0,2
E01004660,Westminster 008B,15,3,0,2
E01004661,Westminster 012C,1,0,0,1
E01004662,Westminster 012D,0,0,0,3
E01004675,Westminster 005B,3,0,0,2
E01004676,Westminster 006A,4,0,0,2
E01004679,Westminster 005E,5,1,0,10
E01004680,Westminster 015A,1,1,0,1
E01004681,Westminster 016A,7,1,0,0
E01004682,Westminster 016B,3,1,0,2
E01004684,Westminster 015C,1,0,0,0
E01004686,Westminster 015E,1,3,0,1
E01004687,Westminster 019A,1,0,0,1
E01004690,Westminster 019D,1,1,0,1
E01004691,Westminster 019E,0,1,0,0
E01004692,Westminster 019F,0,0,0,1
E01004693,Westminster 017B,2,0,0,3
E01004695,Westminster 017C,0,0,0,1
E01004697,Westminster 016D,0,0,0,2
E01004698,Westminster 017E,0,1,0,2
E01004699,Westminster 017F,6,2,0,6
E01004700,Westminster 016E,0,1,0,3
E01004702,Westminster 009E,2,1,0,7
E01004703,Westminster 007B,2,0,0,2
E01004705,Westminster 007D,1,5,0,0
E01004706,Westminster 006B,0,2,0,1
E01004709,Westminster 007E,0,0,0,2
E01004710,Westminster 002D,0,1,0,2
E01004711,Westminster 002E,0,1,0,3
E01004712,Westminster 008C,1,2,1,1
E01004713,Westminster 011A,1,1,0,1
E01004714,Westminster 011B,10,9,0,4
E01004715,Westminster 013A,0,0,0,2
E01004716,Westminster 011C,2,1,0,0
E01004717,Westminster 011D,2,1,0,0
E01004720,Westminster 004C,0,0,0,1
E01004721,Westminster 004D,2,1,0,4
E01004722,Westminster 004E,0,0,0,2
E01004724,Westminster 001C,1,0,0,0
E01004725,Westminster 003B,0,2,0,3
E01004727,Westminster 008D,2,1,1,0
E01004731,Westminster 020A,20,2,0,4
E01004732,Westminster 020B,3,0,0,1
E01004733,Westminster 020C,3,0,0,4
E01004734,Westminster 018A,35,6,0,5
E01004735,Westminster 018B,9,3,1,1
E01004736,Westminster 018C,16,2,0,5
E01004737,Westminster 024C,0,0,0,1
E01004740,Westminster 021A,0,0,0,1
E01004741,Westminster 024F,2,0,0,4
E01004742,Westminster 022A,2,1,0,1
E01004744,Westminster 020D,0,0,0,1
E01004747,Westminster 021E,1,0,0,1
E01004748,Westminster 020E,1,0,0,1
E01004749,Westminster 022B,1,3,0,2
E01004750,Westminster 023E,22,3,0,6
E01004751,Westminster 022C,0,0,0,3
E01004752,Westminster 022D,0,0,0,1
E01004753,Westminster 022E,3,2,0,4
E01004755,Westminster 010B,2,0,0,1
E01004756,Westminster 006E,0,0,0,1
E01004757,Westminster 010C,2,1,0,2
E01004761,Westminster 018D,7,1,0,6
E01004762,Westminster 011E,0,0,0,1
E01004763,Westminster 013B,20,3,0,12
E01004765,Westminster 013D,10,1,0,3
E01032512,Westminster 010F,1,1,0,6
E01032513,Westminster 010G,1,0,0,2
E01032568,Bromley 041E,1,0,0,0
E01032569,Croydon 045E,2,1,0,1
E01032572,Ealing 040D,0,2,0,1
E01032573,Hounslow 029E,1,1,0,1
E01032574,Enfield 037E,1,0,0,2
E01032579,Lewisham 039E,3,1,0,3
E01032581,Redbridge 034G,0,0,0,2
E01032582,Lambeth 036E,13,3,1,9
E01032583,Southwark 034D,3,0,0,2
E01032584,Southwark 034E,5,0,0,2
E01032637,Southwark 035E,0,0,0,2
E01032639,Southwark 014F,4,2,0,7
E01032646,Southwark 036B,1,1,0,2
E01032719,Southwark 014G,3,0,0,1
E01032739,City of London 001F,110,7,0,18
E01032740,City of London 001G,16,0,0,1
E01032741,Havering 013E,2,0,0,1
E01032743,Ealing 010F,0,0,0,1
E01032744,Ealing 010G,1,1,0,4
E01032764,Tower Hamlets 004E,2,0,0,1
E01032765,Tower Hamlets 004F,0,0,0,1
E01032767,Tower Hamlets 021F,1,0,0,3
E01032768,Tower Hamlets 025E,0,0,0,1
E01032769,Tower Hamlets 025F,0,0,0,1
E01032770,Tower Hamlets 032B,1,0,0,2
E01032771,Tower Hamlets 033B,51,4,0,5
E01032772,Tower Hamlets 032C,0,0,0,1
E01032774,Tower Hamlets 032E,2,0,0,0
E01032775,Tower Hamlets 031F,0,0,0,2
E01032777,Tower Hamlets 035A,1,0,0,1
E01032780,Tower Hamlets 035D,1,1,0,4
E01032781,Tower Hamlets 033C,3,0,0,3
E01032783,Tower Hamlets 031G,1,0,0,2
E01032787,Tower Hamlets 011F,1,0,0,2
E01032803,Southwark 036C,0,1,0,0
E01033000,Hounslow 025F,0,1,0,1
E01033030,Hounslow 025G,1,2,0,0
E01033083,Hounslow 018F,9,4,0,3
E01033086,Haringey 020F,1,0,0,2
E01033098,Wandsworth 038C,1,0,0,6
E01033100,Wandsworth 039B,1,0,0,1
E01033132,Wandsworth 038D,2,0,0,3
E01033208,Lambeth 004G,1,0,0,2
E01033324,Lewisham 008E,1,0,0,1
E01033327,Lewisham 041B,11,6,0,14
E01033341,Lewisham 041C,0,1,0,1
E01033455,Brent 031G,2,0,0,3
E01033456,Brent 027F,0,0,0,1
E01033457,Brent 035A,0,0,0,2
E01033485,Brent 031H,3,0,0,0
E01033486,Islington 011E,1,1,0,2
E01033487,Islington 011F,0,1,0,0
E01033488,Islington 011G,0,0,0,2
E01033489,Islington 022G,2,1,0,0
E01033490,Islington 022H,1,0,0,2
E01033491,Islington 011H,1,1,0,3
E01033569,Kingston upon Thames 004G,2,0,0,0
E01033579,Newham 040C,0,0,0,1
E01033580,Newham 042A,0,0,0,2
E01033581,Newham 041A,2,0,0,1
E01033582,Newham 041B,0,0,0,2
E01033586,Newham 040D,1,0,0,2
E01033587,Barking and Dagenham 021E,0,0,0,1
E01033589,Redbridge 039B,1,0,0,1
E01033591,Redbridge 039A,0,0,0,1
E01033593,Westminster 015F,0,0,0,4
E01033594,Westminster 015G,14,3,0,6
E01033598,Westminster 009F,2,0,0,1
E01033602,Westminster 009H,1,0,0,2
E01033603,Westminster 009I,0,0,0,1
E01033604,Westminster 009J,0,1,0,1
E01033605,Westminster 009K,0,0,0,3
E01033699,Hackney 030A,0,1,0,2
E01033700,Hackney 030B,0,0,0,1
E01033702,Hackney 028C,0,0,0,1
E01033703,Hackney 010F,1,0,0,0
E01033704,Hackney 023F,3,2,0,1
E01033706,Hackney 033B,5,0,0,2
E01033708,Hackney 033C,10,0,0,6
E01033709,Hackney 032B,1,0,0,4
E01033711,Hackney 032C,2,0,0,1
E01033712,Hackney 023G,3,1,0,1
E01033713,Hackney 010G,0,1,0,0
E01033727,Greenwich 035B,0,1,0,4
E01033729,Greenwich 030E,2,0,0,0
E01033732,Greenwich 041E,0,0,0,1
E01033735,Greenwich 042D,9,4,0,6
E01033736,Greenwich 039A,0,1,1,0
E01033737,Greenwich 042B,5,3,1,10
E01033738,Greenwich 037D,3,0,0,3
E01033740,Greenwich 002F,1,0,0,1
E01033743,Greenwich 002H,3,0,0,0
E01033744,Greenwich 007G,0,0,0,1
E01033746,Greenwich 038E,0,0,0,1
E01033785,Havering 007G,0,0,0,1
E01033789,Bexley 008H,0,0,0,1
E01033791,Bexley 019G,7,0,0,1
E01033792,Bexley 019H,4,0,0,0
E01033862,Lambeth 003F,4,1,0,6
E01033863,Lambeth 003G,0,0,0,1
E01033864,Lambeth 004H,1,0,0,3
E01033865,Lambeth 004I,0,2,0,2
E01033866,Lambeth 004J,0,0,0,1
E01033867,Southwark 002F,2,0,0,3
E01033868,Southwark 002G,2,2,0,2
E01033869,Southwark 004F,0,1,0,2
E01033870,Southwark 004G,0,0,0,1
E01033871,Southwark 004H,0,1,0,1
E01033872,Southwark 004I,1,0,0,1
E01033873,Southwark 009G,7,1,0,4
E01033874,Southwark 009H,2,2,1,0
E01033875,Southwark 012G,1,0,0,1
E01033876,Southwark 012H,0,0,0,1
E01033877,Southwark 012I,2,0,0,1
E01033880,Southwark 015H,2,0,0,1
E01033883,Southwark 022H,1,0,0,2
E01033884,Southwark 035A,14,1,0,4
E01033885,Southwark 036A,0,0,0,1
E01033914,Barnet 024H,1,0,0,2
E01033916,Barnet 042B,0,0,0,1
E01033921,Barnet 043A,0,0,0,1
E01033922,Barnet 043B,1,1,0,1
E01033924,Barnet 043D,1,0,0,0
E01033927,Enfield 020F,10,7,0,8
E01033928,Enfield 020G,0,0,0,1
E01033929,Brent 002F,0,0,0,3
E01033932,Brent 009G,0,0,0,1
E01033936,Brent 020G,0,0,0,1
E01033937,Brent 027G,0,0,0,1
E01033939,Brent 027I,0,0,0,1
E01033940,Brent 035B,0,1,0,2
E01033941,Brent 035C,4,2,0,1
E01033942,Brent 035D,3,1,0,2
E01033943,Haringey 015E,0,0,1,0
E01033944,Haringey 015F,2,0,0,3
E01033946,Haringey 020H,2,0,0,0
E01034026,Ealing 015F,1,0,0,1
E01034027,Ealing 015G,3,0,0,4
E01034028,Ealing 019F,2,0,0,1
E01034029,Ealing 019G,0,0,0,3
E01034030,Ealing 042A,12,3,0,3
E01034031,Ealing 042B,3,3,0,3
E01034032,Hounslow 006G,1,0,0,3
E01034033,Hounslow 006H,2,2,0,3
E01034035,Hounslow 014G,2,0,0,3
E01034036,Hounslow 015F,7,3,0,10
E01034038,Hounslow 017F,2,0,0,1
E01034039,Hounslow 017G,0,1,0,2
E01034040,Hounslow 018H,2,1,0,1
E01034042,Hounslow 030A,4,0,0,7
E01034043,Hounslow 030B,1,0,0,0
E01034046,Hounslow 031B,0,0,0,2
E01034139,Croydon 015F,0,0,0,2
E01034143,Croydon 020H,6,0,0,1
E01034145,Croydon 024G,11,1,0,1
E01034146,Croydon 024H,1,0,0,2
E01034148,Croydon 046B,30,0,0,1
E01034149,Croydon 046C,0,0,0,1
E01034150,Croydon 046D,2,0,0,2
E01034152,Croydon 047B,0,0,0,1
E01034153,Sutton 004F,4,0,0,3
E01034154,Sutton 004G,0,0,0,2
E01034155,Sutton 012F,7,4,0,3
E01034156,Sutton 012G,7,2,0,6
E01034174,Greenwich 034F,0,0,0,4
E01034175,Greenwich 034G,0,0,0,1
E01034178,Greenwich 035E,0,0,0,2
E01034179,Greenwich 035F,10,6,0,4
E01034181,Greenwich 035H,0,0,0,1
E01034182,Greenwich 035I,1,0,0,2
E01034183,Greenwich 037E,5,0,0,1
E01034186,Greenwich 039C,0,0,0,3
E01034187,Greenwich 039D,2,0,0,1
E01034188,Greenwich 040A,6,0,0,5
E01034189,Greenwich 040B,0,0,0,2
E01034190,Greenwich 040C,3,0,0,1
E01034191,Greenwich 040D,0,0,0,3
E01034192,Greenwich 040E,8,5,0,6
E01034198,Greenwich 042C,3,0,0,3
E01034199,Newham 012E,3,1,0,0
E01034200,Newham 012F,7,2,0,3
E01034201,Newham 022E,0,0,0,1
E01034203,Newham 025E,0,0,0,1
E01034205,Newham 033E,2,1,0,4
E01034206,Newham 033F,1,1,0,0
E01034207,Newham 033G,0,0,0,2
E01034208,Newham 034J,1,0,0,1
E01034209,Newham 034K,1,0,0,3
E01034210,Newham 034L,0,0,0,1
E01034211,Newham 034M,0,2,0,1
E01034212,Newham 034N,2,0,0,4
E01034213,Newham 038A,1,2,0,4
E01034214,Newham 038B,0,1,0,0
E01034216,Newham 038D,0,0,0,1
E01034217,Newham 038E,1,2,0,0
E01034219,Newham 039C,1,0,0,0
E01034220,Newham 039D,8,9,0,4
E01034222,Newham 040A,1,0,1,2
E01034224,Newham 041D,1,0,0,1
E01034225,Newham 042B,2,0,0,4
E01034227,Newham 042D,1,0,1,2
E01034229,Newham 042F,0,0,0,1
E01034230,Newham 042G,0,0,0,1
E01034383,Bromley 005F,0,0,1,0
E01034385,Bromley 018F,1,0,0,0
E01034386,Bromley 018G,6,3,0,3
E01034387,Lewisham 001F,0,1,0,1
E01034389,Lewisham 001H,0,0,0,1
E01034391,Lewisham 020G,0,0,0,1
E01034392,Lewisham 040A,0,0,0,1
E01034393,Lewisham 040B,1,0,0,1
E01034394,Lewisham 040C,8,3,1,4
E01034395,Lewisham 040D,0,0,0,1
E01034469,Barking and Dagenham 004F,1,0,0,1
E01034470,Barking and Dagenham 004G,1,2,0,3
E01034473,Barking and Dagenham 015E,0,1,0,2
E01034474,Barking and Dagenham 015F,1,2,0,1
E01034475,Barking and Dagenham 019F,0,0,0,1
E01034478,Barking and Dagenham 019I,0,0,0,1
E01034481,Redbridge 023F,2,1,0,0
E01034482,Redbridge 032F,2,0,0,0
E01034484,Redbridge 032H,3,2,0,1
E01034485,Waltham Forest 014F,0,1,0,0
E01034486,Waltham Forest 014G,3,0,0,3
E01034488,Waltham Forest 020I,0,1,0,0
E01034577,Kingston upon Thames 004I,0,0,0,3
E01034578,Merton 001F,0,0,0,1
E01034579,Merton 001G,1,1,0,1
E01034580,Merton 005F,0,0,0,3
E01034581,Merton 005G,1,1,0,2
E01034592,Harrow 013G,2,1,0,3
E01034594,Harrow 015F,0,0,0,1
E01034598,Harrow 023H,2,1,0,1
E01034599,Harrow 027E,3,1,1,5
E01034600,Harrow 027F,3,0,0,1
E01034602,Hillingdon 015H,2,2,0,1
E01034607,Hillingdon 016H,0,0,0,1
E01034608,Hillingdon 022G,9,3,0,7
E01034609,Hillingdon 022H,0,0,0,4
E01034612,Hillingdon 027I,9,6,0,1
E01034616,Hillingdon 030F,1,0,0,1
E01034617,Hillingdon 030G,0,0,0,2
E01035484,Hammersmith and Fulham 001F,5,0,0,5
E01035485,Hammersmith and Fulham 001G,2,0,0,1
E01035486,Hammersmith and Fulham 023G,0,0,0,1
E01035488,Wandsworth 004H,1,0,0,3
E01035490,Wandsworth 010H,0,0,0,2
E01035491,Wandsworth 010I,1,1,0,5
E01035493,Wandsworth 010K,1,0,0,0
E01035494,Wandsworth 018E,0,1,0,2
E01035495,Wandsworth 018F,3,0,0,0
E01035496,Wandsworth 038A,0,0,0,1
E01035498,Wandsworth 038E,0,0,1,0
E01035638,Hackney 002G,0,0,0,4
E01035640,Hackney 020F,0,0,0,1
E01035641,Hackney 020G,0,0,0,1
E01035642,Hackney 025G,0,1,0,1
E01035643,Hackney 025H,1,0,0,1
E01035645,Hackney 025J,1,1,0,1
E01035646,Hackney 026E,0,0,0,1
E01035648,Hackney 026G,3,2,0,3
E01035649,Hackney 026H,2,0,0,1
E01035650,Hackney 031C,1,0,0,0
E01035651,Islington 007E,3,2,0,2
E01035652,Islington 007F,1,2,0,1
E01035653,Islington 011J,0,0,0,2
E01035655,Islington 020F,1,0,0,2
E01035656,Islington 020G,1,0,0,0
E01035657,Tower Hamlets 001E,4,0,0,0
E01035658,Tower Hamlets 001F,2,3,0,2
E01035659,Tower Hamlets 001G,0,0,0,1
E01035660,Tower Hamlets 002E,2,0,0,1
E01035663,Tower Hamlets 004I,2,0,0,3
E01035664,Tower Hamlets 006E,0,0,0,2
E01035665,Tower Hamlets 008F,1,0,0,0
E01035666,Tower Hamlets 008G,1,0,0,2
E01035668,Tower Hamlets 009E,0,1,0,1
E01035669,Tower Hamlets 009F,0,1,0,2
E01035670,Tower Hamlets 010G,4,1,0,3
E01035672,Tower Hamlets 012G,0,0,0,2
E01035677,Tower Hamlets 014I,0,0,0,1
E01035678,Tower Hamlets 018E,0,0,0,1
E01035679,Tower Hamlets 018F,1,0,0,1
E01035681,Tower Hamlets 019F,2,1,0,2
E01035684,Tower Hamlets 020E,1,0,0,1
E01035686,Tower Hamlets 021G,1,0,0,0
E01035687,Tower Hamlets 021H,0,0,0,4
E01035688,Tower Hamlets 021I,0,0,0,1
E01035690,Tower Hamlets 023E,0,0,0,3
E01035691,Tower Hamlets 023F,1,0,0,1
E01035693,Tower Hamlets 024F,0,0,0,1
E01035694,Tower Hamlets 024G,0,0,0,1
E01035697,Tower Hamlets 026F,0,1,0,2
E01035700,Tower Hamlets 034A,0,0,0,1
E01035702,Tower Hamlets 034C,0,2,0,0
E01035703,Tower Hamlets 036B,11,0,0,0
E01035704,Tower Hamlets 036C,1,0,0,0
E01035705,Tower Hamlets 036D,0,0,0,1
E01035706,Tower Hamlets 036E,0,2,0,1
E01035707,Camden 015F,1,0,0,4
E01035708,Camden 022F,15,2,1,6
E01035709,Camden 022G,4,4,0,0
E01035710,Camden 023F,9,1,0,9
E01035711,Camden 026E,4,0,0,4
E01035713,Kensington and Chelsea 016F,5,5,0,0
E01035714,Kensington and Chelsea 020F,0,9,0,0
E01035716,Westminster 013G,46,5,1,16
E01035717,Westminster 014H,1,0,0,1
E01035718,Westminster 019G,4,2,0,6
E01035719,Westminster 021F,1,0,0,0
E01035721,Westminster 023H,2,0,1,2
